,name,homepage,github_id,category,labels,github_url,license,created_at,updated_at,last_commit_pushed_at,commit_count,recent_commit_count,fork_count,watchers_count,pr_count,open_issue_count,closed_issue_count,star_count,latest_stable_release_published_at,latest_stable_release_number,github_release_downloads,monthly_downloads,release_count,description,contributor_count,projectrank,show,projectrank_placing,pypi_id,pypi_url,pypi_latest_release_published_at,pypi_monthly_downloads,trending,gitee_id,gitee_url,cargo_id,cargo_url,cargo_latest_release_published_at,cargo_monthly_downloads,cargo_total_downloads,greasy_fork_id,greasy_fork_url,greasy_fork_code_url,greasy_fork_total_installs,greasy_fork_fan_score,npm_id,dependent_project_count,github_dependent_project_count,npm_url,npm_latest_release_published_at,npm_dependent_project_count,npm_monthly_downloads,docs_url,new_addition,updated_github_id
0,BIThesis,https://bithesis.bitnp.net,BITNP/BIThesis,template,['latex'],https://github.com/BITNP/BIThesis,LPPL-1.3c,2020-01-12 14:44:20,2024-05-25 08:45:30,2024-05-25 08:45:13,1070.0,106.0,98.0,10.0,257.0,6.0,214.0,658.0,2024-05-04 11:53:54.000,3.7.7,11491.0,225.0,83.0,ğŸ“– åŒ—äº¬ç†å·¥å¤§å­¦éå®˜æ–¹ LaTeX æ¨¡æ¿é›†åˆï¼ŒåŒ…å«æœ¬ç§‘ã€ç ”ç©¶ç”Ÿæ¯•ä¸šè®¾è®¡æ¨¡æ¿åŠæ›´å¤šã€‚ğŸ‰ ï¼ˆæ›´å¤šæ–‡æ¡£è¯·è®¿é—® wiki å’Œ release ä¸­çš„æ‰‹å†Œï¼‰.,26.0,21,True,1.0,,,,,,,,,,,,,,,,,,,,,,,,,,,
1,BitSrunLoginGo,https://github.com/Mmx233/BitSrunLoginGo,Mmx233/BitSrunLoginGo,srun,['go'],https://github.com/Mmx233/BitSrunLoginGo,AGPL-3.0,2021-03-13 08:45:26,2024-05-13 08:42:23,2024-05-13 08:42:10,335.0,8.0,26.0,1.0,4.0,,29.0,253.0,2024-03-23 11:57:42.000,1.5.2,3560.0,93.0,39.0,æ·±æ¾œæ ¡å›­ç½‘ç™»å½•ç¨‹åº Go è¯­è¨€ç‰ˆï¼Œé€‚ç”¨äºè·¯ç”±å™¨ã€Windowsã€Linux ç­‰ã€‚æä¾›å¯¹ OpenWrtã€Dockerã€Go Module çš„æ”¯æŒ.,6.0,15,True,1.0,,,,,,,,,,,,,,,,,,,,,,,,,,,
2,QtUnblockNeteaseMusic,https://github.com/FrzMtrsprt/QtUnblockNeteaseMusic,FrzMtrsprt/QtUnblockNeteaseMusic,apollo,,https://github.com/FrzMtrsprt/QtUnblockNeteaseMusic,GPL-3.0,2022-07-22 02:48:10,2024-04-07 14:30:38,2024-04-07 14:30:33,218.0,9.0,11.0,2.0,,4.0,22.0,505.0,2024-03-14 13:18:30.000,1.5.2,9090.0,413.0,17.0,"A desktop client for UnblockNeteaseMusic, made with Qt.",1.0,14,True,1.0,,,,,,,,,,,,,,,,,,,,,,,,,,,
3,zu1k/srun,https://github.com/zu1k/srun,zu1k/srun,srun,['rust'],https://github.com/zu1k/srun,GPL-3.0,2021-11-02 13:52:39,2024-05-02 01:52:28,2024-05-02 01:52:28,97.0,7.0,26.0,2.0,24.0,1.0,11.0,191.0,2024-04-18 10:45:55.000,0.6.0,2313.0,77.0,20.0,srun æ·±æ¾œè®¤è¯ç™»å½•ï¼Œè¶…è½»é‡ã€å¤šå¹³å°ï¼Œæ”¯æŒå¤šæ‹¨ã€è‡ªåŠ¨æ¢æµ‹IPã€æŒ‡å®šç½‘å¡.,6.0,13,True,1.0,,,,,,,,,,,,,,,,,,,,,,,,,,,
4,vouv/srun,https://github.com/vouv/srun,vouv/srun,srun,['go'],https://github.com/vouv/srun,MIT,2018-09-13 14:25:59,2023-07-24 14:48:53,2023-07-08 08:40:31,154.0,,26.0,4.0,6.0,,6.0,105.0,2021-01-02 10:19:25.000,1.1.5,1372.0,23.0,25.0,åŒ—äº¬ç†å·¥å¤§å­¦æ ¡å›­ç½‘å‘½ä»¤è¡Œç™»å½•å·¥å…·ï¼Œå¤šç³»ç»Ÿæ”¯æŒ.,6.0,13,True,1.0,,,,,,,,,,,,,,,,,,,,,,,,,,,
5,bitsrun,https://github.com/BITNP/bitsrun,BITNP/bitsrun,srun,['python'],https://github.com/BITNP/bitsrun,WTFPL,2018-09-02 04:01:05,2024-05-16 17:54:36,2024-04-07 06:38:35,141.0,3.0,12.0,3.0,39.0,2.0,10.0,49.0,2024-04-07 06:40:18.000,3.7.1,92.0,112.0,18.0,A headless login / logout script for 10.0.0.55 at BIT. åŒ—äº¬ç†å·¥å¤§å­¦ 10.0.0.55 æ ¡å›­ç½‘ç™»å½•ç™»å‡ºçš„ Python å®ç°.,8.0,12,True,2.0,bitsrun,https://pypi.org/project/bitsrun,2024-04-07 06:40:18.000,107.0,-1.0,,,,,,,,,,,,,,,,,,,,,,
6,BIT_yanhe_download,https://github.com/AuYang261/BIT_yanhe_download,AuYang261/BIT_yanhe_download,academic,['python'],https://github.com/AuYang261/BIT_yanhe_download,MIT,2023-03-31 09:09:41,2024-05-17 11:21:42,2024-05-17 11:21:42,44.0,18.0,5.0,1.0,4.0,,3.0,38.0,2024-04-12 18:01:34.000,2.1,402.0,57.0,9.0,åŒ—äº¬ç†å·¥å¤§å­¦å»¶æ²³è¯¾å ‚å›æ”¾ä¸‹è½½å™¨.,3.0,12,True,1.0,,,,,1.0,,,,,,,,,,,,,,,,,,,,,,
7,BIT-Thesis,https://github.com/BIT-thesis/LaTeX-template,BIT-thesis/LaTeX-template,template,['latex'],https://github.com/BIT-thesis/LaTeX-template,,2017-03-08 01:23:55,2024-03-21 13:18:39,2018-11-09 03:32:21,105.0,,91.0,18.0,13.0,22.0,23.0,362.0,2018-11-09 03:35:12.000,1.5,,,5.0,LaTeX template for BIT thesis.,6.0,11,False,1.0,,,,,,five_cost_QiFei/LaTeX-template,https://gitee.com/five_cost_QiFei/LaTeX-template,,,,,,,,,,,,,,,,,,,,
8,æ•°æ®æŒ–æ˜,https://bitdm.github.io/,BITDM/bitdm.github.io,exp,,https://github.com/BITDM/bitdm.github.io,,2015-06-13 00:49:08,2020-07-31 04:25:36,2020-07-31 04:25:25,1278.0,,156.0,8.0,391.0,1.0,1.0,42.0,,,,,,Contents for data mining course.,153.0,11,False,1.0,,,,,,,,,,,,,,,,,,,,,,,,,,,
9,åŒ—ç†å·¥å»¶æ²³è¯¾å ‚è§†é¢‘ä¸‹è½½,https://github.com/GDDG08/YanHeKT_Downloader,GDDG08/YanHeKT_Downloader,academic,['python'],https://github.com/GDDG08/YanHeKT_Downloader,MPL-2.0,2023-04-01 15:27:44,2024-04-03 17:34:43,2024-04-03 17:34:36,28.0,13.0,6.0,1.0,2.0,,4.0,38.0,2024-04-03 17:18:00.000,Beta-2.3.4,199.0,15.0,7.0,åŒ—ç†å·¥å»¶æ²³è¯¾å ‚è§†é¢‘ä¸‹è½½.,3.0,11,True,1.0,,,,,,,,,,,,,,,,,,,,,,,,,,,
10,BIThesis-wiki,https://bithesis.bitnp.net,BITNP/BIThesis-wiki,template,['latex'],https://github.com/BITNP/BIThesis-wiki,CC0-1.0,2020-11-25 12:05:29,2024-05-22 04:13:05,2024-05-21 18:51:07,627.0,89.0,4.0,5.0,264.0,5.0,31.0,8.0,,,,,,éå®˜æ–¹æœ¬ç§‘ç”Ÿæ¯•ä¸šè®¾è®¡è®ºæ–‡/ç ”ç©¶ç”Ÿå­¦ä½è®ºæ–‡ LaTeX æ¨¡æ¿ï¼ˆä»¥åŠæ›´å¤šï¼‰åœ¨çº¿æ–‡æ¡£.,14.0,11,True,1.0,,,,,,,,,,,,,,,,,,,,,,,,,,,
11,BIT-srun-login-script,https://github.com/coffeehat/BIT-srun-login-script,coffeehat/BIT-srun-login-script,srun,['python'],https://github.com/coffeehat/BIT-srun-login-script,MIT,2020-04-01 14:17:26,2024-04-19 12:38:58,2024-04-19 12:38:58,21.0,2.0,40.0,3.0,6.0,,3.0,150.0,,,,,,åŒ—äº¬ç†å·¥å¤§å­¦æ·±æ¾œæ ¡å›­ç½‘ç™»å½•è„šæœ¬ï¼Œä»¥å®ç°å‘½ä»¤è¡Œç™»å½•æˆ–è€…æ–­çº¿é‡è¿ç­‰ï¼Œä»…æä¾›ç™»å½•åŠŸèƒ½.,6.0,10,True,2.0,,,,,,,,,,,,,,,,,,,,,,,,,,,
12,BIT-CS,https://github.com/xiabee/BIT-CS,xiabee/BIT-CS,learning,,https://github.com/xiabee/BIT-CS,Apache-2.0,2020-03-14 12:24:55,2021-12-14 11:20:18,2021-12-14 11:18:13,67.0,,33.0,4.0,,2.0,3.0,203.0,,,,,,åŒ—äº¬ç†å·¥å¤§å­¦è®¡ç®—æœºå­¦é™¢è¯¾ç¨‹ä»£ç /å†å¹´è¯•å·/çŸ¥è¯†ç‚¹æ€»ç»“ç­‰ï¼Œæ¬¢è¿PR.,1.0,9,False,1.0,,,,,,,,,,,,,,,,,,,,,,,,,,,
13,BIT101,https://bit101.cn,BIT101-dev/BIT101,agg,['web'],https://github.com/BIT101-dev/BIT101,AGPL-3.0,2022-02-22 13:24:29,2024-03-11 02:53:57,2024-03-11 02:05:02,117.0,11.0,6.0,4.0,18.0,4.0,16.0,85.0,,,,,,ç™¾ä¸½å®«æ”»ç•¥ã€è¯¾ç¨‹è¯„ä»·åŠèµ„æ–™ã€è¯¾è¡¨ã€æŸ¥æˆç»©ã€‚.,4.0,9,True,1.0,,,,,,,,,,,,,,,,,,,,,,,,,,,
14,Web VPN Converter,https://webvpn.swo.moe/,spencerwooo/bit-webvpn-converter,edu-cn,['Web'],https://github.com/spencerwooo/bit-webvpn-converter,,2020-07-01 04:30:50,2024-05-10 03:41:15,2023-12-11 11:24:33,292.0,,27.0,4.0,250.0,,9.0,82.0,,,,,,Web VPN converter.,7.0,9,True,1.0,,,,,1.0,,,,,,,,,,,,,,,,,,,,,,
15,Bulletin Issues Transferred,https://haobit.top/dev/site/notice/,YDX-2147483647/bulletin-issues-transferred,agg,['Web'],https://github.com/YDX-2147483647/bulletin-issues-transferred,MIT,2021-12-11 15:23:43,2024-03-09 19:32:33,2024-03-09 11:32:07,169.0,1.0,1.0,4.0,21.0,8.0,26.0,29.0,,,,,,æ±‡æ€» BIT å„ç§ç½‘ç«™çš„é€šçŸ¥ã€‚ï¼ˆä»¥åŠé’‰é’‰ã€RSSæ’ä»¶ç­‰ï¼‰.,3.0,9,True,1.0,,,,,,YDX-2147483647/bulletin-issues-transferred,https://gitee.com/YDX-2147483647/bulletin-issues-transferred,,,,,,,,,,,,,,,,,,,,
16,bitsrun-rs,https://github.com/spencerwooo/bitsrun-rs,spencerwooo/bitsrun-rs,srun,,https://github.com/spencerwooo/bitsrun-rs,MIT,2023-11-17 08:31:32,2024-04-26 08:56:36.872000,2024-04-26 08:54:41,71.0,3.0,1.0,2.0,9.0,,2.0,17.0,2024-04-26 08:56:36.872,0.4.0,181.0,506.0,7.0,"ğŸŒ A headless login / logout CLI for 10.0.0.55 at BIT, now in Rust. åŒ—äº¬ç†å·¥å¤§å­¦ 10.0.0.55 æ ¡å›­ç½‘ç™»å½•ç™»å‡ºçš„ Rust å®ç°.",2.0,9,True,2.0,,,,,,,,bitsrun,https://crates.io/crates/bitsrun,2024-04-26 08:56:36.872,476.0,1919.0,,,,,,,,,,,,,,,
17,BIT-CS-Learning,https://github.com/songshangru/BIT-CS-Learning,songshangru/BIT-CS-Learning,learning,,https://github.com/songshangru/BIT-CS-Learning,,2021-01-01 06:09:41,2024-05-20 01:15:06,2024-05-20 01:15:06,119.0,3.0,63.0,6.0,24.0,1.0,2.0,251.0,,,,,,ä¿å­˜ä¸€ä¸‹æˆ‘è‡ªå·±æ•´ç†çš„åŒ—ç†å·¥è®¡ç§‘çš„å­¦ä¹ èµ„æ–™ï¼Œæ¬¢è¿åˆ†äº«èµ„æº.,6.0,8,True,1.0,,,,,1.0,,,,,,,,,,,,,,,,,,,,,,
18,BITCS Coursework,https://github.com/spencerwooo/BITCS-Coursework,spencerwooo/BITCS-Coursework,learning,,https://github.com/spencerwooo/BITCS-Coursework,CC-BY-SA-4.0,2019-04-29 15:24:01,2021-06-07 05:15:07,2020-01-11 10:15:06,17.0,,24.0,4.0,1.0,1.0,,163.0,,,,,,ä¸å®Œæ•´åŒ—äº¬ç†å·¥å¤§å­¦è®¡ç®—æœºå­¦é™¢è¯¾ç¨‹é¡¹ç›®èµ„æ–™æ¸…å•ã€‚.,2.0,8,False,1.0,,,,,,,,,,,,,,,,,,,,,,,,,,,
19,BITthesis,https://github.com/qiuzhu/BITthesis,qiuzhu/BITthesis,template,['latex'],https://github.com/qiuzhu/BITthesis,GPL-3.0,2016-08-17 08:41:37,2017-10-11 05:32:37,2017-09-08 12:53:22,142.0,,24.0,5.0,6.0,3.0,,57.0,2017-08-11 09:39:55.000,1.3,,,4.0,Thesis Template of Beijing Institute of Technology Using LaTeX.,2.0,8,False,2.0,,,,,,,,,,,,,,,,,,,,,,,,,,,
20,BIT-enhanced,https://ydx-2147483647.github.io/BIT-enhanced/,YDX-2147483647/BIT-enhanced,edu-cn,['Web'],https://github.com/YDX-2147483647/BIT-enhanced,GPL-3.0,2021-01-19 12:34:37,2024-05-21 08:10:19,2024-05-21 00:10:03,225.0,25.0,3.0,1.0,20.0,1.0,7.0,8.0,,,,,,ä¸€äº›æ–¹ä¾¿å¤§å®¶ä½¿ç”¨ BIT ç›¸å…³ç½‘ç«™çš„ç”¨æˆ·è„šæœ¬å’Œç”¨æˆ·æ ·å¼è¡¨ã€‚.,5.0,8,True,2.0,,,,,,YDX-2147483647/BIT-enhanced,https://gitee.com/YDX-2147483647/BIT-enhanced,,,,,,,,,,,,,,,,,,,,
21,iä¹å­¦åŠ©æ‰‹,https://apps.apple.com/cn/app/i%E4%B9%90%E5%AD%A6%E5%8A%A9%E6%89%8B/id6468846337,BobH233/LexueSwiftUI,academic,,https://github.com/BobH233/LexueSwiftUI,GPL-3.0,2023-09-03 10:28:01,2024-05-21 05:17:51,2024-05-20 13:37:51,584.0,27.0,,1.0,,,2.0,6.0,2024-03-12 03:12:56.000,1.5,,,5.0,æä¾›â€œä¹å­¦â€æœåŠ¡çš„iOSç«¯æ‰‹æœºåº”ç”¨ï¼Œå…·æœ‰â€œä¸´è¿‘ä½œä¸šæœŸé™æé†’â€â€œå°ç»„ä»¶æ˜¾ç¤ºæœ€è¿‘æ—¥ç¨‹â€â€œèšåˆå…¨æ ¡æ¶ˆæ¯é€šçŸ¥â€ç­‰å¢å¼ºåŠŸèƒ½ã€‚.,,8,True,1.0,,,,,-1.0,,,,,,,,,,,,,,,,,,,,,,
22,BIT Online Code Helper,https://github.com/Crawler995/BITOnlineCodeHelper,Crawler995/BITOnlineCodeHelper,academic,,https://github.com/Crawler995/BITOnlineCodeHelper,MIT,2020-01-14 12:32:09,2020-04-16 01:33:26,2020-04-16 01:11:16,3.0,,,2.0,,,,1.0,2020-04-16 01:33:26.000,1.0.4,,45.0,6.0,Test and commit your code of BIT Online coding homework more easily and conveniently!.,,8,False,1.0,BIT-Online-Code-Helper,https://pypi.org/project/BIT-Online-Code-Helper,2020-04-16 01:33:26.000,45.0,,,,,,,,,,,,,,,,,,,,,,,
23,BIT-MiniCC,https://github.com/jiweixing/BIT-MiniCC,jiweixing/BIT-MiniCC,apollo,,https://github.com/jiweixing/BIT-MiniCC,,2016-04-13 05:47:59,2023-05-17 05:40:04,2023-05-17 05:40:04,64.0,,109.0,11.0,8.0,8.0,7.0,181.0,,,,,,A C compiler framework in Java.,2.0,7,True,1.0,,,,,,,,,,,,,,,,,,,,,,,,,,,
24,BIT-DA/RIPU,https://github.com/BIT-DA/RIPU,BIT-DA/RIPU,apollo,,https://github.com/BIT-DA/RIPU,MIT,2022-03-13 06:24:18,2023-10-22 12:02:53,2023-10-22 12:02:53,13.0,,18.0,7.0,,,5.0,139.0,,,,,,[CVPR 2022 Oral] Towards Fewer Annotations: Active Learning via Region Impurity and Prediction Uncertainty for Domain..,2.0,7,True,1.0,,,,,,,,,,,,,,,,,,,,,,,,,,,
25,Hyperzsb/bit-cs,https://github.com/Hyperzsb/bit-cs,Hyperzsb/bit-cs,learning,,https://github.com/Hyperzsb/bit-cs,MIT,2019-11-24 08:01:50,2021-08-23 13:14:38,2021-08-23 13:14:27,101.0,,4.0,2.0,2.0,,,25.0,,,,,,"Codes and other resources of courses offered in School of Computer Science & Technology, Beijing Institute of..",4.0,7,False,2.0,,,,,,,,,,,,,,,,,,,,,,,,,,,
26,PySPT,https://spaitlab.gitee.io/py-spt/index.html,,apollo,['python'],,MIT,2022-05-08 18:43:27,2024-04-13 20:08:25,,,,21.0,12.0,,,,16.0,,,,,,Pythonä¿¡å·å¤„ç†å·¥å…·ç®± Python Signal Processing Toolbox.,,7,True,1.0,,,,,,spaitlab/py-spt,https://gitee.com/spaitlab/py-spt,,,,,,,,,,,,,,,,,,,,
27,BIT-enhanced â¡ï¸ BIT-Programming-Detect,https://greasyfork.org/scripts/488587-bit-programming-detect,YDX-2147483647/BIT-enhanced,academic,,https://github.com/YDX-2147483647/BIT-enhanced,GPL-3.0,2021-01-19 12:34:37,2024-04-02 02:01:06,2024-05-21 00:10:03,225.0,25.0,,1.0,20.0,1.0,7.0,8.0,,,,,,é€šè¿‡æäº¤Cè¯­è¨€ç¨‹åºï¼Œé€å­—ç¬¦ç¡®å®šæµ‹è¯•ç”¨ä¾‹ã€‚ä¸ºç¬¦åˆç¼–ç¨‹äººå‘˜çš„ä¹ æƒ¯ï¼Œå­—ç¬¦é»˜è®¤ä»ç¬¬0ä¸ªå¼€å§‹ã€‚æ–‡æœ¬æ¡†ä¸­è¾“å…¥Enteré”®å¯ä»¥ç›´æ¥å¼€å§‹æ¢æµ‹ã€‚åœ¨ç»“æŸæ–‡æœ¬æ¡†è¾“å…¥éæ•°å­—æ—¶ï¼Œä¼šæŒç»­æ¢æµ‹ã€‚æ¢æµ‹åˆ°æ‰€æœ‰çš„æµ‹è¯•ç”¨ä¾‹éƒ½OFæ—¶æ¢æµ‹ä¼šç»“æŸã€‚æ”¯æŒçš„æµ‹è¯•ç”¨ä¾‹å­—ç¬¦ï¼šASCII..,5.0,7,True,2.0,,,,,,,,,,,,,488587.0,https://greasyfork.org/scripts/488587,https://update.greasyfork.org/scripts/488587/BIT-Programming-Detect.user.js,3.0,5.0,,,,,,,,,,
28,BIT-enhanced â¡ï¸ BIT-ä¹å­¦-ä¿®æ”¹ä¾§è¾¹æ è¯¾ç¨‹-GUI,https://greasyfork.org/scripts/488788-bit-%E4%B9%90%E5%AD%A6-%E4%BF%AE%E6%94%B9%E4%BE%A7%E8%BE%B9%E6%A0%8F%E8%AF%BE%E7%A8%8B-gui,YDX-2147483647/BIT-enhanced,academic,,https://github.com/YDX-2147483647/BIT-enhanced,GPL-3.0,2021-01-19 12:34:37,2024-03-04 07:55:49,2024-05-21 00:10:03,225.0,25.0,,1.0,20.0,1.0,7.0,8.0,,,,,,ä¿®æ”¹ä¾§è¾¹æ æ˜¾ç¤ºçš„è¯¾ç¨‹.,5.0,7,True,2.0,,,,,,,,,,,,,488788.0,https://greasyfork.org/scripts/488788,https://update.greasyfork.org/scripts/488788/BIT-%E4%B9%90%E5%AD%A6-%E4%BF%AE%E6%94%B9%E4%BE%A7%E8%BE%B9%E6%A0%8F%E8%AF%BE%E7%A8%8B-GUI.user.js,3.0,5.0,,,,,,,,,,
29,BIT-enhanced â¡ï¸ BIT-ç‰©ç†å®éªŒä¸­å¿ƒ-ä¸‹è½½æ—¥å†,https://greasyfork.org/scripts/491539-bit-%E7%89%A9%E7%90%86%E5%AE%9E%E9%AA%8C%E4%B8%AD%E5%BF%83-%E4%B8%8B%E8%BD%BD%E6%97%A5%E5%8E%86,YDX-2147483647/BIT-enhanced,academic,,https://github.com/YDX-2147483647/BIT-enhanced,GPL-3.0,2021-01-19 12:34:37,2024-04-03 10:14:39,2024-05-21 00:10:03,225.0,25.0,,1.0,20.0,1.0,7.0,8.0,,,,,,ç”Ÿæˆè¯¾ç¨‹è¡¨çš„ iCalendar æ–‡ä»¶å¹¶ä¸‹è½½.,5.0,7,True,2.0,,,,,,,,,,,,,491539.0,https://greasyfork.org/scripts/491539,https://update.greasyfork.org/scripts/491539/BIT-%E7%89%A9%E7%90%86%E5%AE%9E%E9%AA%8C%E4%B8%AD%E5%BF%83-%E4%B8%8B%E8%BD%BD%E6%97%A5%E5%8E%86.user.js,1.0,5.0,,,,,,,,,,
30,BIT-WEB,https://github.com/Ethan-yt/BIT-WEB,Ethan-yt/BIT-WEB,srun,['web'],https://github.com/Ethan-yt/BIT-WEB,ISC,2019-04-02 05:04:30,2022-02-11 18:53:56,2019-04-02 10:59:45,4.0,,1.0,2.0,2.0,,,2.0,2019-04-02 11:00:08.528,1.0.5,,8.0,5.0,åŒ—ç†å·¥ä¸Šç½‘å‘½ä»¤è¡Œè„šæœ¬ï¼Œæ”¯æŒè”é€šç§»åŠ¨.,,7,False,2.0,,,,,,,,,,,,,,,,,,@ethanyt/bit,5.0,3.0,https://www.npmjs.com/package/@ethanyt/bit,2019-04-02 11:00:08.528,2.0,8.0,,,
31,bitroom (Book an Incongruent Topological Room Or be Out of Mind),https://github.com/YDX-2147483647/bitroom,YDX-2147483647/bitroom,cal,['python'],https://github.com/YDX-2147483647/bitroom,MIT,2023-05-04 13:18:27,2023-07-10 14:17:16,2023-07-10 14:17:16,30.0,,,1.0,,2.0,4.0,1.0,2023-05-18 01:53:00.446,0.1.5,,33.0,5.0,BIT åœºåœ°é¢„çº¦æŸ¥è¯¢æ¥å£ã€‚ï¼ˆbitroomï¼‰ğŸš©ğŸ .,,7,True,1.0,bitroom,https://pypi.org/project/bitroom,2023-05-18 01:53:00.446,33.0,,,,,,,,,,,,,,,,,,,,,https://github.com/YDX-2147483647/bitroom/wiki,,
32,å¹»å½±å¦å…‹å¿«é€Ÿå‘è½¦å·¥å…·(å¸¦å›¾å½¢ç•Œé¢),https://github.com/Aloxaf/MirageTankGo,Aloxaf/MirageTankGo,apollo,['python'],https://github.com/Aloxaf/MirageTankGo,GPL-3.0,2018-01-20 15:00:18,2024-04-20 04:43:48,2019-08-20 05:33:30,20.0,,19.0,5.0,3.0,2.0,,134.0,,,,,,å¹»å½±å¦å…‹(ç‰¹æŒ‡ç‚¹å¼€åä¸ä¸€æ ·çš„å›¾ç‰‡)å¿«é€Ÿå‘è½¦å·¥å…·.,1.0,6,False,2.0,,,,,,,,,,,,,,,,,,,,,,,,,,,
33,MIPS æŒ‡ä»¤é›† CPU è®¾è®¡,https://github.com/bit-mips/bitmips_experiments,bit-mips/bitmips_experiments,exp,"['asm', 'hdl']",https://github.com/bit-mips/bitmips_experiments,,2019-11-11 12:08:37,2020-09-23 06:54:12,2020-09-23 06:53:48,31.0,,8.0,3.0,2.0,,,34.0,,,,,,åŒ—äº¬ç†å·¥å¤§å­¦ MIPS æŒ‡ä»¤é›† CPU è®¾è®¡ç³»åˆ—æ•™å­¦å®éªŒ.,4.0,6,False,2.0,,,,,,,,,,,,,,,,,,,,,,,,,,,
34,BIT101-Android,https://github.com/BIT101-dev/BIT101-Android,BIT101-dev/BIT101-Android,agg,,https://github.com/BIT101-dev/BIT101-Android,AGPL-3.0,2023-03-14 16:43:24,2024-03-01 10:05:20,2024-01-18 14:43:10,23.0,,2.0,2.0,6.0,1.0,1.0,21.0,2023-09-19 13:15:51.000,1.1.0,13.0,1.0,3.0,é’ˆå¯¹åŒ—äº¬ç†å·¥å¤§å­¦æçš„æ€ªå®‰å“.,4.0,6,True,2.0,,,,,,,,,,,,,,,,,,,,,,,,,,,
35,å›¾ä¹¦é¦†åº§ä½é¢„çº¦ç³»ç»Ÿè¾…åŠ©å·¥å…·,https://github.com/DefJia/Auto_Reservation_System_BE,DefJia/Auto_Reservation_System_BE,cal,['python'],https://github.com/DefJia/Auto_Reservation_System_BE,Apache-2.0,2018-10-13 17:14:21,2021-12-01 11:47:57,2021-12-01 11:47:45,61.0,,8.0,2.0,1.0,3.0,8.0,17.0,,,,,,å›¾ä¹¦é¦†åº§ä½é¢„çº¦ç³»ç»Ÿè¾…åŠ©å·¥å…· An auxiliary tool for booking seats in Library Seat Reservation System.,3.0,6,False,2.0,,,,,,,,,,,,,,,,,,,,,,,,,,,
36,ç½‘åä¸»é¡µ,https://www.bitnp.net/,BITNP/bitnp-website,org,['web'],https://github.com/BITNP/bitnp-website,,2022-08-12 09:16:11,2024-02-01 14:42:58,2024-02-01 06:26:26,163.0,,6.0,5.0,6.0,1.0,4.0,11.0,,,,,,The website of Net Pioneer Association of BIT.,12.0,6,True,1.0,,,,,-1.0,iruhh/bitnp-website,https://gitee.com/iruhh/bitnp-website,,,,,,,,,,,,,,,,,,,,
37,BIT-Report-LaTeX,https://www.overleaf.com/latex/templates/beijing-institute-of-technology-report-template/szxqnwxtbcrb,CharlieLeee/BIT-Report-LaTeX,template,['latex'],https://github.com/CharlieLeee/BIT-Report-LaTeX,MIT,2020-05-29 04:07:15,2020-11-19 11:54:17,2020-11-19 11:53:55,29.0,,1.0,,,1.0,,8.0,2020-10-18 12:00:40.000,1.0,,,1.0,English and Chinese LaTeX template for reports/projects/proposal at Beijing Institute of Technology.,,6,False,2.0,,,,,,,,,,,,,,,,,,,,,,,,,,,
38,Bon-for-Mac,https://github.com/Chriskuei/Bon-for-Mac,Chriskuei/Bon-for-Mac,srun,,https://github.com/Chriskuei/Bon-for-Mac,MIT,2016-05-27 04:08:07,2017-11-15 05:37:19,2017-11-15 05:37:14,20.0,,2.0,3.0,,,,5.0,2017-11-15 05:34:04.000,0.5.2,39.0,0.0,4.0,The elegant network client for BIT.,,6,False,2.0,,,,,,,,,,,,,,,,,,,,,,,,,,,
39,bit-srun-cli,https://github.com/fangli-li/bit-srun-cli,fangli-li/bit-srun-cli,srun,['python'],https://github.com/fangli-li/bit-srun-cli,MIT,2020-11-14 16:49:11,2020-11-30 21:12:06,2020-11-15 18:57:03,4.0,,1.0,2.0,,,,4.0,2020-11-30 21:12:06.000,0.2.2,,26.0,4.0,"åŒ—ç†å·¥æ ¡å›­ç½‘ç™»å½•å®¢æˆ·ç«¯,ä½¿ç”¨pipå®‰è£….",2.0,6,False,2.0,srun-bit,https://pypi.org/project/srun-bit,2020-11-30 21:12:06.000,26.0,,,,,,,,,,,,,,,,,,,,,,,
40,BITç¿ä¿¡ç©ºé—´é¢„çº¦,https://bitrxc.com,bitrxc/bitrxc-server,cal,['web'],https://github.com/bitrxc/bitrxc-server,AGPL-3.0,2021-01-28 01:55:52,2022-07-27 22:42:51,2022-04-14 12:42:57,255.0,,4.0,1.0,38.0,,,3.0,2021-04-30 01:18:04.000,beta-1.1.1,,,1.0,Server of Management System of BIT Ruixin Community.,6.0,6,False,2.0,,,,,,,,,,,,,,,,,,,,,,,,,,,
41,Bus Interrogation Tunnel,https://github.com/YDX-2147483647/bus-interrogation-tunnel,YDX-2147483647/bus-interrogation-tunnel,cal,['python'],https://github.com/YDX-2147483647/bus-interrogation-tunnel,MIT,2023-03-11 16:48:57,2024-03-06 09:34:41,2024-03-06 09:34:41,11.0,1.0,,1.0,,,,2.0,2023-03-14 08:51:31.753,0.1.0,,13.0,1.0,BIT ç­è½¦æŸ¥è¯¢æ¥å£ã€‚ï¼ˆbitbusï¼‰ğŸšŒ.,,6,True,2.0,bus-interrogation-tunnel,https://pypi.org/project/bus-interrogation-tunnel,2023-03-14 08:51:31.753,13.0,,,,,,,,,,,,,,,,,,,,,,,
42,Virtual BIT Network,https://github.com/YDX-2147483647/virtual-BIT-network,YDX-2147483647/virtual-BIT-network,edu-cn,,https://github.com/YDX-2147483647/virtual-BIT-network,MIT,2022-08-03 08:37:17,2023-11-22 08:05:31,2023-11-22 08:05:31,31.0,,,1.0,3.0,,1.0,1.0,2023-11-06 11:44:37.416,0.2.2,,7.0,3.0,BIT WebVPN ç™»å½•ä¸è½¬æ¢ï¼ˆâ‰ˆ Fetch APIï¼‰.,2.0,6,True,2.0,,,,,,,,,,,,,,,,,,virtual-bit-network,1.0,1.0,https://www.npmjs.com/package/virtual-bit-network,2023-11-06 11:44:37.416,,7.0,,,
43,åŒ—äº¬ç†å·¥å¤§å­¦-æœ¬ç§‘-äººå·¥æ™ºèƒ½ä¸“ä¸š-é€šå…³ç»éªŒåŒ…,https://github.com/Robin-WZQ/BIT-AI-Review,Robin-WZQ/BIT-AI-Review,learning,,https://github.com/Robin-WZQ/BIT-AI-Review,,2022-01-04 03:42:17,2024-01-14 14:17:22,2024-01-14 14:17:22,559.0,,10.0,1.0,2.0,1.0,2.0,131.0,,,,,,æœ¬é¡¹ç›®åˆ†äº«äº†æœ¬äººåœ¨åŒ—äº¬ç†å·¥å¤§å­¦è®¡ç®—æœºå­¦é™¢äººå·¥æ™ºèƒ½ä¸“ä¸šçš„ç›¸å…³è¯¾ç¨‹èµ„æ–™ä¸ç»éªŒåˆ†äº«ã€‚å¸Œæœ›å¯¹ä½ ä»¬æœ‰æ‰€å¸®åŠ©â¤ï¸ï¼Œå¦‚æœå–œæ¬¢çš„è¯è®°å¾—ç»™ä¸ªstarå“¦ğŸŒŸ.,3.0,5,True,2.0,,,,,,,,,,,,,,,,,,,,,,,,,,,
44,biteduML,https://github.com/bigablecat/biteduML,bigablecat/biteduML,learning,,https://github.com/bigablecat/biteduML,,2017-07-05 11:35:09,2019-06-13 09:02:47,2019-06-13 09:02:46,36.0,,26.0,3.0,2.0,,1.0,61.0,,,,,,åŒ—äº¬ç†å·¥å¤§å­¦Pythonæœºå™¨å­¦ä¹ åº”ç”¨è¶…è¯¦ç»†å­¦ä¹ ç¬”è®°å’Œä»£ç æ³¨é‡Š(æœªå®Œå¾…ç»­).,1.0,5,False,2.0,,,,,,,,,,,,,,,,,,,,,,,,,,,
45,BIT-thesis-LaTex,https://github.com/jiandahao/BIT-thesis-LaTex,jiandahao/BIT-thesis-LaTex,template,['latex'],https://github.com/jiandahao/BIT-thesis-LaTex,MIT,2019-05-14 03:08:50,2020-05-06 16:07:52,2020-05-06 16:07:51,27.0,,17.0,2.0,1.0,1.0,1.0,58.0,,,,,,åŒ—äº¬ç†å·¥å¤§å­¦å­¦ç¡•å£«/åšå£«å­¦ä½æ¯•ä¸šè®ºæ–‡LaTeXæ¨¡æ¿ï¼ˆLaTeX Template for BIT thesisï¼‰.,2.0,5,False,2.0,,,,,,,,,,,,,,,,,,,,,,,,,,,
46,BIT-campus-network-CLI,https://github.com/LiJinyao/BIT-campus-network-CLI,LiJinyao/BIT-campus-network-CLI,srun,['web'],https://github.com/LiJinyao/BIT-campus-network-CLI,MIT,2018-11-17 19:13:56,2021-01-31 03:45:03,2020-04-11 15:29:02,16.0,,9.0,1.0,1.0,,1.0,28.0,,,,,,å¸®åŠ©ä½ åœ¨æ— æ³•ä½¿ç”¨æµè§ˆå™¨çš„æƒ…å†µä¸‹ç™»é™†åŒ—ç†å·¥æ ¡å›­ç½‘ğŸ».,,5,False,2.0,,,,,,,,,,,,,,,,,,,,,,,,,,,
47,SecretWeapon,https://github.com/BITNP/SecretWeapon,BITNP/SecretWeapon,learning,,https://github.com/BITNP/SecretWeapon,,2016-03-27 05:57:53,2021-12-09 03:32:00,2021-12-09 03:32:00,35.0,,12.0,8.0,1.0,,1.0,25.0,,,,,,Secret weapons that arm your studies.,8.0,5,False,2.0,,,,,,,,,,,,,,,,,,,,,,,,,,,
48,Rust-toys â¡ï¸ bitlogin,https://github.com/Aloxaf/Rust-toys,Aloxaf/Rust-toys,srun,['rust'],https://github.com/Aloxaf/Rust-toys,,2018-09-19 13:27:15,2019-03-30 05:28:41,2019-03-30 05:28:33,34.0,,3.0,3.0,,,,17.0,,,,,,10_0_0_55_login çš„ rust å®ç°.,,5,False,2.0,,,,,,,,,,,,,,,,,,,,,,,,,,,
49,ç†æ²»æ£‹å£®,https://github.com/sswv/bitstronger,sswv/bitstronger,apollo,['cpp'],https://github.com/sswv/bitstronger,GPL-2.0,2015-06-06 00:42:19,2015-06-06 01:28:31,2015-06-06 01:28:27,3.0,,12.0,3.0,,,,16.0,,,,,,ä¸€ä¸ªåŸºäºä¸­å›½è±¡æ£‹é€šç”¨å¼•æ“åè®®ï¼ˆUCCIï¼‰çš„ä¸­å›½è±¡æ£‹è®¡ç®—æœºåšå¼ˆå¼•æ“ã€‚.,,5,False,3.0,,,,,,,,,,,,,,,,,,,,,,,,,,,
50,BIT-Automation-Proposal-Report,https://github.com/CharlieLeee/BIT-Automation-Proposal-Report,CharlieLeee/BIT-Automation-Proposal-Report,template,['latex'],https://github.com/CharlieLeee/BIT-Automation-Proposal-Report,MIT,2021-01-02 05:28:05,2021-05-10 16:23:44,2021-05-10 16:23:44,14.0,,2.0,1.0,2.0,,,9.0,2021-01-31 13:49:36.000,2.1,,,3.0,åŒ—ç†è‡ªåŠ¨åŒ–æ¯•ä¸šè®¾è®¡å¼€é¢˜æŠ¥å‘ŠLaTeXæ¨¡æ¿.,,5,False,2.0,,,,,,,,,,,,,,,,,,,,,,,,,,,
51,poems-2023 â¡ï¸ ç»¼æµ‹è¡¨ä¸€ç”Ÿæˆè¡¨äºŒ,https://github.com/BITNP/poems-2023,BITNP/poems-2023,office,,https://github.com/BITNP/poems-2023,MIT,2023-05-24 07:52:42,2023-08-01 16:08:22,2023-08-01 16:07:27,6.0,,1.0,4.0,1.0,,,4.0,,,,,,ç¿ä¿¡ä¹¦é™¢ç»¼æµ‹éœ€å¡«å†™ä¸¤è¡¨ï¼Œå…¶ä¸­è¡¨äºŒæ˜¯æ±‡æ€»è¡¨ï¼Œå†…å®¹æ¥è‡ªè¡¨ä¸€ã€‚æ¯æ¬¡å¡«å†™ä¸å…ç¹çï¼Œå› æ­¤å¼€å‘è¿™ä¸ªå°è½¯ä»¶ï¼Œè‡ªåŠ¨æ ¹æ®è¡¨ä¸€å†…å®¹ç”Ÿæˆè¡¨äºŒï¼Œæ‰‹åŠ¨ç²˜è´´å³å¯å¿«é€Ÿå®Œæˆå¡«å†™ã€‚.,3.0,5,True,1.0,,,,,,,,,,,,,,,,,,,,,,,,,,,
52,BITNP LibreSpeed å†…ç½‘æµ‹é€Ÿ,http://speed.bitnp.net/,everything411/speedtest-go,edu-cn,,https://github.com/everything411/speedtest-go,LGPL-3.0,2021-11-19 05:37:00,2022-04-13 05:33:54,2022-04-13 05:33:41,47.0,,,,1.0,,,,,,,,,Go backend for LibreSpeed.,15.0,5,False,3.0,,,,,,,,,,,,,,,,,,,,,,,,,,,
53,BITåŒ—ç†å·¥ä¸€é”®è¯„æ•™ - pj.bit.edu.cn,https://greasyfork.org/scripts/456110-bit%E5%8C%97%E7%90%86%E5%B7%A5%E4%B8%80%E9%94%AE%E8%AF%84%E6%95%99-pj-bit-edu-cn,,academic,['web'],,MIT License,2022-12-06 09:20:16,2023-12-18 11:29:44,,,,,,,,,,,,,,,ä¸€é”®å®Œæˆæ‰€æœ‰å•é€‰é¡¹å¹¶æäº¤ï¼Œå¯è‡ªå®šä¹‰è¯„ä»·é€‰é¡¹ï¼›ä¿®å¤è¯„æ•™æŒ‰é’®ä¸æ˜¾ç¤ºçš„é—®é¢˜.,,5,True,2.0,,,,,,,,,,,,,456110.0,https://greasyfork.org/scripts/456110,https://update.greasyfork.org/scripts/456110/BIT%E5%8C%97%E7%90%86%E5%B7%A5%E4%B8%80%E9%94%AE%E8%AF%84%E6%95%99%20-%20pjbiteducn.user.js,41.0,20.7,,,,,,,,,,
54,é’ˆå¯¹å‚åŠ é¾™èŠ¯æ¯çš„è‹¥å¹²å»ºè®®,https://github.com/Silverster98/bit_nscscc_suggestion,Silverster98/bit_nscscc_suggestion,exp,,https://github.com/Silverster98/bit_nscscc_suggestion,,2019-08-30 01:43:56,2020-10-24 09:21:50,2020-10-24 09:21:50,15.0,,10.0,5.0,1.0,,,103.0,,,,,,ä¸ºäº†æ›´å¥½åœ°å¸®åŠ©åæ¥çš„åŒå­¦å‚åŠ é¾™èŠ¯æ¯ï¼Œè‰æ‹Ÿäº†è¿™ä»½å»ºè®®ï¼Œæœ›å¯¹åæ¥äººæœ‰æ‰€å¸®åŠ©.,2.0,4,False,2.0,,,,,,,,,,,,,,,,,,,,,,,,,,,
55,STRAP,https://github.com/leiyaocui/STRAP,leiyaocui/STRAP,apollo,,https://github.com/leiyaocui/STRAP,,2022-06-07 01:17:20,2023-04-13 11:41:52,2023-04-13 11:41:36,88.0,,1.0,1.0,,,,70.0,,,,,,An official implementation of STRAP: Structured Object Affordance Segmentation with Point Supervision.,2.0,4,False,3.0,,,,,,,,,,,,,,,,,,,,,,,,,,,
56,BIT Computer Science and Technology,https://github.com/fan2goa1/BIT-CS-UnderGraduate,fan2goa1/BIT-CS-UnderGraduate,learning,,https://github.com/fan2goa1/BIT-CS-UnderGraduate,Apache-2.0,2023-05-29 17:42:14,2024-01-11 09:50:10,2024-01-11 09:50:10,117.0,,1.0,2.0,1.0,,1.0,62.0,,,,,,è¿™ä¸ªä»“åº“å­˜æ”¾äº†åŒ—äº¬ç†å·¥å¤§å­¦è®¡ç§‘ä¸“ä¸šç›¸å…³è¯¾ç¨‹èµ„æ–™ï¼Œæ¬¢è¿Star & PRã€‚.,2.0,4,True,2.0,,,,,,,,,,,,,,,,,,,,,,,,,,,
57,åŒ—äº¬ç†å·¥å¤§å­¦-æœ¬ç§‘-äººå·¥æ™ºèƒ½ä¸“ä¸š-å˜å¾—æ›´å¼ºç§˜ç±,https://github.com/lyccyl1/BIT-AI,lyccyl1/BIT-AI,learning,,https://github.com/lyccyl1/BIT-AI,,2023-10-09 15:18:29,2023-12-04 06:15:13,2023-12-04 06:11:50,65.0,,3.0,1.0,1.0,,1.0,32.0,,,,,,è¿™æ˜¯æˆ‘åœ¨åŒ—äº¬ç†å·¥å¤§å­¦äººå·¥æ™ºèƒ½ä¸“ä¸šå­¦ä¹ çš„ä¸€äº›ç»éªŒå’Œä½œä¸šåˆ†äº«ï¼Œæ¬¢è¿STARâ­ï¼Œè¿˜åœ¨æ›´æ–°ä¸­...,3.0,4,True,2.0,,,,,,,,,,,,,,,,,,,,,,,,,,,
58,BITè‡ªåŠ¨è¯·å‡,https://github.com/YoungKlaus/BIT_Auto_Leave,YoungKlaus/BIT_Auto_Leave,cal,['python'],https://github.com/YoungKlaus/BIT_Auto_Leave,,2022-09-28 09:14:11,2022-11-08 16:00:52,2022-11-08 16:00:52,31.0,,23.0,1.0,1.0,1.0,1.0,29.0,,,,,,åŒ—äº¬ç†å·¥å¤§å­¦è‡ªåŠ¨è¯·å‡.,1.0,4,False,3.0,,,,,,,,,,,,,,,,,,,,,,,,,,,
59,BITCS-final-exam-learning-materials,https://github.com/Sharpiless/BITCS-final-exam-learning-materials,Sharpiless/BITCS-final-exam-learning-materials,learning,,https://github.com/Sharpiless/BITCS-final-exam-learning-materials,GPL-3.0,2021-05-25 02:39:58,2021-10-19 02:45:47,2021-10-19 02:45:47,31.0,,2.0,1.0,,,,18.0,,,,,,åŒ—ç†å·¥è®¡ç®—æœºå¤§ä¸€åˆ°å¤§å››å„å­¦æœŸCSæœŸæœ«è€ƒè¯•å¤ä¹ èµ„æ–™/å†å¹´è€ƒé¢˜æ±‡æ€»ï¼Œæ¬¢è¿PR.,,4,False,2.0,,,,,,,,,,,,,,,,,,,,,,,,,,,
60,BIT-Titled-Letter-Paper,https://github.com/jincao2013/BIT-Titled-Letter-Paper,jincao2013/BIT-Titled-Letter-Paper,office,,https://github.com/jincao2013/BIT-Titled-Letter-Paper,MIT,2019-05-07 10:03:17,2019-05-07 10:15:06,2019-05-07 10:15:06,4.0,,1.0,1.0,,,,11.0,,,,,,Beijing institute of technology titled letter paper (åŒ—äº¬ç†å·¥å¤§å­¦æŠ¬å¤´çº¸).,,4,False,2.0,,,,,,,,,,,,,,,,,,,,,,,,,,,
61,vouv/SrunBar,https://github.com/vouv/SrunBar,vouv/SrunBar,srun,,https://github.com/vouv/SrunBar,MIT,2020-12-28 18:09:54,2021-01-04 02:42:57,2021-01-04 02:42:37,3.0,,1.0,2.0,,,1.0,9.0,2021-01-04 02:43:48.000,0.3.0,30.0,0.0,3.0,åŒ—ç†å·¥æ ¡å›­ç½‘å®¢æˆ·ç«¯ for macOS.,,4,False,3.0,,,,,,,,,,,,,,,,,,,,,,,,,,,
62,bitsrunlogin,https://github.com/zhwang1694/BIT-Srun-AutoLogin,zhwang1694/BIT-Srun-AutoLogin,srun,['python'],https://github.com/zhwang1694/BIT-Srun-AutoLogin,GPL-3.0,2020-12-28 11:56:40,2020-12-28 12:01:56,2020-12-28 12:01:48,3.0,,1.0,1.0,,,,6.0,2020-12-28 11:38:26.000,0.1.0,,18.0,1.0,BIT network login based on terminal.,,4,False,3.0,bitsrunlogin,https://pypi.org/project/bitsrunlogin,2020-12-28 11:38:26.000,18.0,,,,,,,,,,,,,,,,,,,,,,,
63,PyFMT,https://spaitlab.gitee.io/py-fmt/index.html,,apollo,['python'],,GPL-2.0,2021-11-20 22:03:10,2023-06-22 23:53:54,,,,5.0,10.0,,,,5.0,,,,,,PythonåŸºç¡€æ•°å­¦å·¥å…·ç®± Python Fundamental Mathematics Toolbox.,,4,True,3.0,,,,,4.0,spaitlab/py-fmt,https://gitee.com/spaitlab/py-fmt,,,,,,,,,,,,,,,,,,,,
64,åŒ—äº¬ç†å·¥å¤§å­¦å¼€æºè½¯ä»¶é•œåƒæœåŠ¡,https://mirrors.bit.edu.cn/,BITNP/bitnp-mirrors-web,apollo,['web'],https://github.com/BITNP/bitnp-mirrors-web,,2020-04-01 00:33:51,2023-10-06 22:22:10,2023-10-06 22:22:02,69.0,,,6.0,14.0,1.0,3.0,4.0,,,,,,é•œåƒæœåŠ¡ Web é¡µé¢.,3.0,4,True,3.0,,,,,,,,,,,,,,,,,,,,,,,,,,,
65,bitunion,https://github.com/finalion/bitunion,finalion/bitunion,org,,https://github.com/finalion/bitunion,,2013-06-06 11:28:25,2013-07-28 17:22:13,2013-07-28 17:22:01,15.0,,5.0,4.0,,,,4.0,,,,,,åŒ—ç†FTPè”ç›Ÿè®ºå›androidå®¢æˆ·ç«¯.,,4,False,2.0,,,,,,,,,,,,,,,,,,,,,,,,,,,
66,oh_my_course,https://github.com/MichaelToLearn/oh_my_course,MichaelToLearn/oh_my_course,academic,['python'],https://github.com/MichaelToLearn/oh_my_course,Apache-2.0,2019-01-15 12:30:01,2019-01-15 12:49:29,2019-01-15 12:49:28,5.0,,,,,,,4.0,,,,,,ã€åŒ—ç†å·¥ã€‘å¡«ä¸€ä¸ªexcelè¡¨æ ¼å°±èƒ½æŠ¢è¯¾çš„pythonè„šæœ¬ã€‚.,2.0,4,False,2.0,,,,,,,,,,,,,,,,,,,,,,,,,,,
67,Aya Login,http://frantic1048.com/aya-login/,frantic1048/aya-login,srun,['web'],https://github.com/frantic1048/aya-login,MIT,2015-03-21 08:07:14,2015-10-21 00:24:53,2015-10-21 00:23:02,25.0,,,5.0,,2.0,1.0,3.0,,,,,,è¿™æ˜¯ä¸€ä¸ªç”¨äºæµè§ˆå™¨çš„ UserScriptï¼Œæå‡ bit srun 3000 æ ¡å›­ç½‘ç™»å½•ä½“éªŒã€‚.,2.0,4,False,3.0,,,,,,,,,,,,,,,,,,,,,,,,,,,
68,bit-jwc-v1,https://github.com/Freeza91/bit-jwc-v1,Freeza91/bit-jwc-v1,academic,,https://github.com/Freeza91/bit-jwc-v1,,2014-11-06 13:43:18,2014-12-22 07:28:41,2014-12-22 07:28:34,69.0,,,5.0,,,,3.0,,,,,,æ•™åŠ¡å¤„æ•°æ®ã€å¾®ä¿¡äº¤äº’ã€ç™»å½•åŒ—ç†åœ¨çº¿ã€è¯¾è¡¨ç®€å•æ’åºã€‚.,,4,False,2.0,,,,,,,,,,,,,,,,,,,,,,,,,,,
69,BUApp,https://github.com/wuhao-ouyang/BUApp,wuhao-ouyang/BUApp,org,,https://github.com/wuhao-ouyang/BUApp,,2014-02-11 18:01:22,2019-12-18 00:06:45,2019-11-25 22:59:02,114.0,,2.0,3.0,1.0,1.0,4.0,3.0,,,,,,åŒ—ç†FTPè”ç›Ÿandroidå®¢æˆ·ç«¯.,3.0,4,False,2.0,,,,,,,,,,,,,,,,,,,,,,,,,,,
70,æœªæ¥ç²¾å·¥ç”Ÿå­˜æŒ‡å—,https://bitft-wiki.vercel.app,TT2TER/BITFTechWiki,agg,,https://github.com/TT2TER/BITFTechWiki,GPL-3.0,2022-08-19 07:42:24,2022-09-02 13:50:20,2022-09-02 02:02:09,30.0,,1.0,1.0,,,,,,,,,,åŒ—ç†å·¥æœªæ¥ç²¾å·¥æŠ€æœ¯å­¦é™¢ç”Ÿå­˜æŒ‡å—.,,4,False,3.0,,,,,,tt29294/BITFTechWiki,https://gitee.com/tt29294/BITFTechWiki,,,,,,,,,,,,,,,,,,,,
71,æ™ºèƒ½åˆ¶é€ ä¸æ™ºèƒ½è®¡ç®—å®éªŒå®¤,https://leidawt.gitee.io/bit-pse-public/,,exp,,,MIT,2020-11-10 20:38:58,2022-06-05 21:45:49,,,,0.0,3.0,,,,,,,,,,å®éªŒå®¤ç½‘ç«™hugoå·¥ç¨‹ PSE lab of Beijing Institute of Technology.,,4,False,2.0,,,,,,leidawt/bit-pse,https://gitee.com/leidawt/bit-pse,,,,,,,,,,,,,,,,,,,,
72,BIT-Auto-Login-System,https://github.com/majingbit/BIT-Auto-Login-System,majingbit/BIT-Auto-Login-System,srun,,https://github.com/majingbit/BIT-Auto-Login-System,MIT,2017-09-24 02:02:26,2017-09-22 06:28:17,2017-09-22 06:28:06,6.0,,,2.0,,,,,,,,,,åŒ—ç†å·¥ï¼ˆåŒ—äº¬ç†å·¥å¤§å­¦ï¼‰æ ¡å›­ç½‘è‡ªåŠ¨ç™»å½•ç³»ç»Ÿï¼ˆ for Alfred with Macï¼‰ï¼ŒAlfred å·¥ä½œæµï¼ŒAlfred workflow.,,4,False,3.0,,,,,,,,,,,,,,,,,,,,,,,,,,,
73,ä¼˜åŒ–åŒ—ç†å·¥æˆç»©åˆ—è¡¨æ˜¾ç¤º,https://greasyfork.org/scripts/456009-%E4%BC%98%E5%8C%96%E5%8C%97%E7%90%86%E5%B7%A5%E6%88%90%E7%BB%A9%E5%88%97%E8%A1%A8%E6%98%BE%E7%A4%BA,,academic,['web'],,MIT License,2022-12-04 17:43:09,2023-08-11 10:43:44,,,,,,,,,,,,,,,è„šæœ¬é€‚ç”¨äºåŒ—äº¬ç†å·¥å¤§å­¦æ•™åŠ¡ç³»ç»Ÿæˆç»©æŸ¥è¯¢ç•Œé¢ï¼ˆæ”¯æŒæ ¡å†…è®¿é—®ã€webvpnè®¿é—®ï¼‰ï¼Œè°ƒæ•´æˆç»©æŸ¥è¯¢åè¡¨æ ¼çš„æ˜¾ç¤ºï¼Œå¹¶ä¸”èƒ½è‡ªåŠ¨è®¡ç®—å¹³å‡å­¦åˆ†ç»©ã€‚.,,4,True,2.0,,,,,,,,,,,,,456009.0,https://greasyfork.org/scripts/456009,https://update.greasyfork.org/scripts/456009/%E4%BC%98%E5%8C%96%E5%8C%97%E7%90%86%E5%B7%A5%E6%88%90%E7%BB%A9%E5%88%97%E8%A1%A8%E6%98%BE%E7%A4%BA.user.js,13.0,5.0,,,,,,,,,,
74,åŒ—äº¬ç†å·¥å¤§å­¦è¯„æ•™è„šæœ¬,https://greasyfork.org/scripts/446772-%E5%8C%97%E4%BA%AC%E7%90%86%E5%B7%A5%E5%A4%A7%E5%AD%A6%E8%AF%84%E6%95%99%E8%84%9A%E6%9C%AC,,academic,['web'],,MIT License,2022-06-20 11:58:49,2022-06-20 12:24:39,,,,,,,,,,,,,,,åŒ—ç†å·¥ä¸€é”®è¯„æ•™.,,4,False,2.0,,,,,,,,,,,,,446772.0,https://greasyfork.org/scripts/446772,https://update.greasyfork.org/scripts/446772/%E5%8C%97%E4%BA%AC%E7%90%86%E5%B7%A5%E5%A4%A7%E5%AD%A6%E8%AF%84%E6%95%99%E8%84%9A%E6%9C%AC.user.js,26.0,5.0,,,,,,,,,,
75,Signs,https://github.com/YDX-2147483647/signs,YDX-2147483647/signs,office,,https://github.com/YDX-2147483647/signs,MIT,2023-08-04 12:18:15,2024-04-03 16:22:47,2024-04-03 16:22:44,26.0,1.0,,1.0,5.0,,,,,,,,,æ•´ç†è…¾è®¯åœ¨çº¿æ”¶é›†è¡¨çš„ç­¾åã€‚ï¼ˆé€‚ç”¨äºç­çº§è¿œç¨‹ç­¾å­—ï¼‰.,2.0,4,True,2.0,,,,,,,,,,,,,,,,,,,,,,,,,,,
76,LaTeX-materials,https://github.com/BIT-thesis/LaTeX-materials,BIT-thesis/LaTeX-materials,learning,['latex'],https://github.com/BIT-thesis/LaTeX-materials,,2017-09-12 03:56:00,2017-09-13 03:40:46,2017-09-13 03:23:53,2.0,,19.0,4.0,,,,61.0,,,,,,LaTeX å­¦ä¹ èµ„æ–™ ï¼ˆfor BIT-Thesisï¼‰.,1.0,3,False,2.0,,,,,,,,,,,,,,,,,,,,,,,,,,,
77,BITCS19,https://github.com/Worter623/BITCS19,Worter623/BITCS19,learning,,https://github.com/Worter623/BITCS19,,2023-02-28 05:37:44,2023-02-28 13:51:11,2023-02-28 13:51:08,3.0,,3.0,1.0,,,,42.0,,,,,,åŒ—äº¬ç†å·¥å¤§å­¦ï¼ˆç‰¹ç«‹ï¼‰è®¡ç®—æœºè¯¾ç¨‹èµ„æ–™ï¼š19çº§orå¾€å¹´è€ƒé¢˜/é¡¹ç›®ä»£ç /çŸ¥è¯†ç‚¹æ€»ç»“.,1.0,3,False,2.0,,,,,,,,,,,,,,,,,,,,,,,,,,,
78,BITCS-2019,https://github.com/bingo123122121/BITCS-2019,bingo123122121/BITCS-2019,learning,,https://github.com/bingo123122121/BITCS-2019,,2022-08-08 13:12:42,2022-12-03 06:05:52,2022-12-03 06:05:41,7.0,,1.0,1.0,,,,22.0,,,,,,æœ¬é¡¹ç›®æ˜¯ä¸ªäººæ•´ç†çš„åŒ—ç†å·¥è®¡ç§‘2019çº§çš„å­¦ä¹ èµ„æ–™ï¼Œä½›ç³»æ•´ç†ï¼Œæ¬¢è¿åˆ†äº«.,3.0,3,False,2.0,,,,,,,,,,,,,,,,,,,,,,,,,,,
79,åŒ—äº¬ç†å·¥å¤§å­¦è®¡ç®—æœºå­¦é™¢è§†è§‰å½¢è±¡ç³»ç»Ÿ,https://github.com/BITCS1958/BITCS-Visual-image-recognition-system,BITCS1958/BITCS-Visual-image-recognition-system,org,,https://github.com/BITCS1958/BITCS-Visual-image-recognition-system,,2019-06-02 12:58:52,2019-06-03 14:54:45,2019-06-03 14:53:36,3.0,,8.0,1.0,,,,17.0,,,,,,åŒ—äº¬ç†å·¥å¤§å­¦è®¡ç®—æœºå­¦é™¢è§†è§‰å½¢è±¡ç³»ç»Ÿ.,,3,False,3.0,,,,,,,,,,,,,,,,,,,,,,,,,,,
80,CTFd-owl,https://github.com/BIT-NSC/CTFd-owl,BIT-NSC/CTFd-owl,misc,"['python', 'web']",https://github.com/BIT-NSC/CTFd-owl,Apache-2.0,2022-03-26 06:58:14,2022-03-26 14:08:47,2022-03-26 14:08:34,2.0,,2.0,,,1.0,1.0,17.0,,,,,,Dynamic Check Challenges with docker-compose for CTFd V3.4.0+.,,3,False,1.0,,,,,,,,,,,,,,,,,,,,,,,,,,,
81,BIT_Matrix_Analysis_Course,https://github.com/NeoSunJZ/BIT_Matrix_Analysis_Course,NeoSunJZ/BIT_Matrix_Analysis_Course,learning,,https://github.com/NeoSunJZ/BIT_Matrix_Analysis_Course,MIT,2023-02-14 09:25:40,2023-02-14 09:28:21,2023-02-14 09:28:21,2.0,,,1.0,,,,15.0,,,,,,åŒ—äº¬ç†å·¥å¤§å­¦çŸ©é˜µåˆ†æè¯•é¢˜è§‚å¯Ÿå’Œå¾€å¹´è¯•é¢˜ï¼Œæœ‰å¸®åŠ©æ¬¢è¿ç»™Starï¼Œæ¬¢è¿æ›´å¤šæ ¡å‹è´¡çŒ®èµ„æº.,,3,False,2.0,,,,,,,,,,,,,,,,,,,,,,,,,,,
82,Beamer Template for Beijing Institute of Technology,https://www.overleaf.com/latex/templates/beamer-template-for-beijing-institute-of-technology/kvcxtftsbrrh,CharlieLeee/My_Beamer_Template,template,,https://github.com/CharlieLeee/My_Beamer_Template,,2020-09-17 07:52:41,2022-04-19 05:51:43,2022-04-19 05:51:27,7.0,,5.0,1.0,,,,14.0,,,,,,My Beamer Templates.,,3,False,3.0,,,,,,,,,,,,,,,,,,,,,,,,,,True,
83,BITLOGIN,https://github.com/Touko2000/BITLOGIN,Touko2000/BITLOGIN,srun,['python'],https://github.com/Touko2000/BITLOGIN,,2021-05-11 13:42:53,2022-05-16 13:06:10,2022-05-16 13:06:10,6.0,,4.0,1.0,,,,11.0,,,,,,åŒ—ç†å·¥æœåŠ¡å™¨æ ¡å›­ç½‘ç™»å½•.,,3,False,3.0,,,,,,,,,,,,,,,,,,,,,,,,,,,
84,BIT101-GO,https://bit101.cn,BIT101-dev/BIT101-GO,agg,['go'],https://github.com/BIT101-dev/BIT101-GO,AGPL-3.0,2023-03-15 10:17:00,2024-02-23 17:10:18,2024-02-23 17:09:19,31.0,,1.0,2.0,3.0,,1.0,10.0,,,,,,é’ˆå¯¹åŒ—äº¬ç†å·¥å¤§å­¦æçš„æ€ªä¸œè¥¿åé¢çš„ä¸œè¥¿.,,3,True,3.0,,,,,-1.0,,,,,,,,,,,,,,,,,,,,,,
85,CTFæš‘æœŸåŸ¹è®­,https://gitee.com/Chorolop/bitnsc2021-summer,,exp,,,GPL-3.0,2021-10-04 15:35:00,2022-09-25 14:17:37,,,,3.0,1.0,,,,10.0,,,,,,åŒ—äº¬ç†å·¥å¤§å­¦ ä¿¡æ¯å®‰å…¨å®éªŒå®¤ / ç½‘ç»œå®‰å…¨ä¿±ä¹éƒ¨ 2021 å¹´ æš‘æœŸåŸ¹è®­ è¯¾ä»¶.,,3,False,3.0,,,,,,Chorolop/bitnsc2021-summer,https://gitee.com/Chorolop/bitnsc2021-summer,,,,,,,,,,,,,,,,,,,,
86,bit-genshin,https://userstyles.world/style/11791/default-slug,xinyi-cherry/bit-genshin,edu-cn,,https://github.com/xinyi-cherry/bit-genshin,GPL-3.0,2023-08-29 15:42:11,2023-08-30 15:22:06,2023-08-30 15:22:06,13.0,,,1.0,,,4.0,10.0,,,,,,åŸç¥ï¼å¯åŠ¨ï¼ å°†ä½ çš„BITç™»å½•é¡µé¢ä¿®æ”¹ä¸ºåŸç¥æ ·å¼ï¼.,,3,True,3.0,,,,,,,,,,,,,,,,,,,,,,,,,,,
87,BIT_Second_Round_Exam,https://github.com/Sologala/BIT_Second_Round_Exam,Sologala/BIT_Second_Round_Exam,learning,,https://github.com/Sologala/BIT_Second_Round_Exam,,2019-02-20 08:57:00,2019-03-22 09:09:22,2019-03-22 09:09:14,25.0,,1.0,2.0,,,,8.0,,,,,,åŒ—äº¬ç†å·¥å¤§å­¦å¤è¯•å†å¹´ä¸Šæœºä»£ç .,,3,False,2.0,,,,,,,,,,,,,,,,,,,,,,,,,,,
88,lexue_ddl,https://github.com/xiabee/lexue_ddl,xiabee/lexue_ddl,cal,['python'],https://github.com/xiabee/lexue_ddl,,2020-03-03 14:03:32,2023-05-23 00:14:32,2022-09-01 07:17:42,27.0,,1.0,1.0,7.0,,,7.0,,,,,,view your own deadline of lexue.bit.edu.cn.,3.0,3,False,3.0,,,,,,,,,,,,,,,,,,,,,,,,,,,
89,BIT-Thesis-Bachelor,https://www.overleaf.com/latex/templates/bei-jing-li-gong-da-xue-zi-dong-hua-xue-yuan-kai-ti-bao-gao-mo-ban/cxkjykzkgstb,wanicca/BIT-Thesis-Bachelor,template,['latex'],https://github.com/wanicca/BIT-Thesis-Bachelor,,2019-04-21 16:55:31,2019-05-10 10:52:47,2019-05-10 10:52:09,8.0,,,,,,,5.0,,,,,,LaTex thesis template for BIT students.,,3,False,3.0,,,,,,,,,,,,,,,,,,,,,,,,,,,
90,BitWebClient,https://github.com/yAnXImIN/BitWebClient,yAnXImIN/BitWebClient,srun,['java'],https://github.com/yAnXImIN/BitWebClient,,2016-07-25 04:17:31,2016-07-25 08:18:02,2016-07-25 08:17:29,10.0,,1.0,3.0,,,,5.0,,,,,,A Java Client for Beijing Institute of Technology Campus Web åŒ—äº¬ç†å·¥å¤§å­¦æ ¡å›­ç½‘ç™»å½•.,3.0,3,False,3.0,,,,,,,,,,,,,,,,,,,,,,,,,,,
91,10.0.0.55 enhance,https://greasyfork.org/scripts/367663-10-0-0-55-enhance,fky2015/10-0-0-55-enhance,srun,['web'],https://github.com/fky2015/10-0-0-55-enhance,,2018-05-07 16:10:55,2018-08-29 05:27:53,2018-08-29 05:27:40,13.0,,,3.0,,,,4.0,,,,,,make 10.0.0.55 clearer and better.,,3,False,3.0,,,,,,,,,,,,,367663.0,https://greasyfork.org/scripts/367663,https://update.greasyfork.org/scripts/367663/100055%20enhance.user.js,19.0,5.0,,,,,,,,,,
92,BIT_TechRep_CN,https://github.com/yuzhangbit/BIT_TechRep_CN,yuzhangbit/BIT_TechRep_CN,template,['latex'],https://github.com/yuzhangbit/BIT_TechRep_CN,,2016-03-19 20:47:20,2016-09-29 04:55:30,2016-09-29 04:55:30,21.0,,3.0,2.0,1.0,,,3.0,,,,,,A technique report latex template for BIT.,2.0,3,False,3.0,,,,,,,,,,,,,,,,,,,,,,,,,,,
93,Batch_Collections â¡ï¸ Campus_network,https://github.com/KJH-x/Batch_Collections,KJH-x/Batch_Collections,srun,['python'],https://github.com/KJH-x/Batch_Collections,WTFPL,2022-11-30 07:58:14,2024-03-20 16:39:40,2024-03-20 16:35:19,103.0,8.0,1.0,1.0,1.0,,1.0,3.0,,,,,,æ ¡å›­ç½‘è„šæœ¬ï¼ˆç™»å½•ã€ç™»å‡ºï¼Œè‡ªåŠ¨é‡è¿ï¼‰.,2.0,3,True,3.0,,,,,,,,,,,,,,,,,,,,,,,,,,,
94,detect-BITOJ,https://github.com/YDX-2147483647/detect-BITOJ,YDX-2147483647/detect-BITOJ,academic,['python'],https://github.com/YDX-2147483647/detect-BITOJ,,2020-12-02 11:48:22,2023-07-10 14:22:07,2023-07-10 14:22:07,32.0,,2.0,2.0,,,,3.0,,,,,,æ¢æµ‹BITä¹å­¦OJçš„ä¿å¯†æµ‹è¯•ç”¨ä¾‹ï¼ˆåˆæ³•æ–¹æ³•ï¼‰.,,3,True,3.0,,,,,,,,,,,,,,,,,,,,,,,,,,,
95,LexueAPI,https://github.com/BIT-BOBH/LexueAPI,BIT-BOBH/LexueAPI,academic,,https://github.com/BIT-BOBH/LexueAPI,,2023-08-29 08:27:55,2023-09-01 00:52:37,2023-09-01 00:52:31,22.0,,,,,,,2.0,,,,,,åŒ—äº¬ç†å·¥å¤§å­¦ç¬¬ä¸‰æ–¹ä¹å­¦apiå®ç°.,,3,True,3.0,,,,,,,,,,,,,,,,,,,,,,,,,,,
96,Starry-BITPT,https://github.com/frantic1048/Starry-BITPT,frantic1048/Starry-BITPT,org,['web'],https://github.com/frantic1048/Starry-BITPT,MIT,2014-12-02 11:01:56,2014-12-03 07:34:03,2014-12-03 07:33:37,7.0,,,3.0,,,,1.0,,,,,,æé€Ÿä¹‹æ˜Ÿå…¨ç«™å¤œç©ºé£æ ¼çš„æ··ä¹±é‚ªæ¶çš„ Stylish æ ·å¼.,2.0,3,False,3.0,,,,,,,,,,,,,,,,,,,,,,,,,,,
97,bPlanner,https://zaibit.com,phy25/bPlanner,cal,,https://github.com/phy25/bPlanner,MIT,2016-01-14 06:47:42,2018-03-14 11:17:42,2016-08-12 15:09:05,22.0,,,2.0,,1.0,1.0,1.0,,,,,,Schedule fetcher for BIT.,,3,False,3.0,,,,,,,,,,,,,,,,,,,,,,,,,,,
98,HowMuch,https://github.com/RaulWei/HowMuch,RaulWei/HowMuch,academic,"['python', 'web']",https://github.com/RaulWei/HowMuch,,2015-06-07 11:43:54,2015-08-03 12:03:24,2015-08-03 12:03:23,168.0,,1.0,2.0,1.0,,,,,,,,,åŒ—äº¬ç†å·¥å¤§å­¦ç ”ç©¶ç”Ÿæ•™åŠ¡å¤„æœºå™¨äºº.,2.0,3,False,3.0,,,,,,,,,,,,,,,,,,,,,,,,,,,
99,åŒ—äº¬ç†å·¥å¤§å­¦å¤§å­¦ç”ŸèŒä¸šå‘å±•åä¼šç»¼åˆç­¾åˆ°ç³»ç»Ÿ,http://signsys.zhbitscda.com/,zhbitscda/SCDA_signsys_latest,org,,https://github.com/zhbitscda/SCDA_signsys_latest,,2017-04-21 05:07:05,2017-04-27 18:45:21,2017-04-27 18:45:20,9.0,,,7.0,,,,,,,,,,åŒ—äº¬ç†å·¥å¤§å­¦å¤§å­¦ç”ŸèŒä¸šå‘å±•åä¼šç»¼åˆç­¾åˆ°ç³»ç»Ÿ.,,3,False,3.0,,,,,,,,,,,,,,,,,,,,,,,,,,,
100,æ··åˆç°å®ä¸æ–°å‹æ˜¾ç¤ºå®éªŒå®¤/è™šæ‹Ÿäººèµ„äº§,https://gitee.com/bitmrlab/virtual-human-assets,,exp,,,Apache-2.0,2021-06-17 20:13:16,2021-08-30 11:46:59,,,,0.0,1.0,,,,,,,,,,æœ¬ä»“åº“å¼€æºäº†åŸºäºlightstageæ­å»ºçš„å¤§çƒäººè„¸å½¢çŠ¶åŠæè´¨ç³»ç»Ÿé‡‡é›†çš„é«˜ç²¾åº¦äººè„¸æ¨¡å‹å’Œæè´¨èµ„äº§ã€‚æ•°æ®æ¥æºåŒ—äº¬ç†å·¥å¤§å­¦æ··åˆç°å®ä¸æ–°å‹æ˜¾ç¤ºå®éªŒå®¤ã€‚.,,3,False,3.0,,,,,,bitmrlab/virtual-human-assets,https://gitee.com/bitmrlab/virtual-human-assets,,,,,,,,,,,,,,,,,,,,
101,BITç‰©ç†å®éªŒæ•°æ®å¤„ç†å·¥å…·,https://gitee.com/Creeper_LKF/BIT-Physics-Experiment,,misc,['python'],,CC-BY-SA-4.0,2021-10-01 20:20:09,2021-10-02 17:58:33,,,,0.0,1.0,,,,,,,,,,è¿™ä¸ªä»“åº“ç”¨æ¥å­˜æ”¾åŒ—äº¬ç†å·¥å¤§å­¦ç‰©ç†å®éªŒç›¸å…³èµ„æ–™ã€‚.,,3,False,1.0,,,,,,Creeper_LKF/BIT-Physics-Experiment,https://gitee.com/Creeper_LKF/BIT-Physics-Experiment,,,,,,,,,,,,,,,,,,,,
102,message_send,https://github.com/Z-ly/message_send,Z-ly/message_send,office,['python'],https://github.com/Z-ly/message_send,,2019-03-27 13:14:51,2019-07-29 02:57:31,2019-07-29 02:57:12,4.0,,,,,,,,,,,,,äº¬å·¥é£é¸¿åŒ»ç–—æŠ¥é”€çŸ­ä¿¡ç”ŸæˆåŠè‡ªåŠ¨å‘é€.,,3,False,3.0,,,,,,,,,,,,,,,,,,,,,,,,,,,
103,åŒ—ç†å·¥ä¹å­¦å¢å¼º,https://greasyfork.org/scripts/34730-%E5%8C%97%E7%90%86%E5%B7%A5%E4%B9%90%E5%AD%A6%E5%A2%9E%E5%BC%BA,,academic,['web'],,,2017-11-02 08:48:22,2021-03-02 02:17:53,,,,,,,,,,,,,,,å¢å¼ºåŒ—ç†å·¥ä¹å­¦çš„åŠŸèƒ½.,,3,False,3.0,,,,,,,,,,,,,34730.0,https://greasyfork.org/scripts/34730,https://update.greasyfork.org/scripts/34730/%E5%8C%97%E7%90%86%E5%B7%A5%E4%B9%90%E5%AD%A6%E5%A2%9E%E5%BC%BA.user.js,147.0,34.2,,,,,,,,,,
104,ç»„ç»‡éƒ¨èŠå£«è™¾,https://bitnp.github.io/cheesy-shrimp/,bitnp/cheesy-shrimp,org,,https://github.com/BITNP/cheesy-shrimp,,2023-07-19 08:20:03,2023-12-07 14:34:32,2023-12-07 14:29:35,6.0,,1.0,5.0,,,,,,,,,,2023å¹´å¤åœ¨QQç¾¤â€œ2022ç½‘åç»„ç»‡éƒ¨â€å‘ç”Ÿçš„ stand alone complex ç°è±¡ã€‚.,,3,True,3.0,,,,,,,,,,,,,,,,,,,,,,,,,,,
105,BlockIt,https://github.com/Devil-SX/BlockIt,Devil-SX/BlockIt,apollo,,https://github.com/Devil-SX/BlockIt,MIT,2023-05-10 14:59:26,2023-07-09 07:59:27,2023-07-09 07:59:08,20.0,,,2.0,,,2.0,,,,,,,âš ï¸ è¯¥ä»“åº“é‡æ–°è°ƒæ•´å®šä½ä¸­! æé«˜æ‚¨çš„Verilogè®¾è®¡å·¥ä½œæ•ˆç‡ï¼.,,3,True,3.0,,,,,,,,,,,,,,,,,,,,,,,,,,,
106,I_NEED_COURSE,https://github.com/friskit-china/I_NEED_COURSE,friskit-china/I_NEED_COURSE,academic,['python'],https://github.com/friskit-china/I_NEED_COURSE,,2016-09-14 13:01:32,2016-09-14 13:01:57,2016-09-14 13:00:48,1.0,,6.0,1.0,,,,17.0,,,,,,åŒ—ç†å·¥æ•™åŠ¡ç³»ç»ŸæŠ¢è¯¾å·¥å…·.,,2,False,3.0,,,,,,,,,,,,,,,,,,,,,,,,,,,
107,åŒ—äº¬ç†å·¥å¤§å­¦-æœ¬ç§‘-äººå·¥æ™ºèƒ½ä¸“ä¸š-é€šå…³æ‰‹å†Œ,https://github.com/Z-Luan/BIT-AI,Z-Luan/BIT-AI,learning,,https://github.com/Z-Luan/BIT-AI,,2023-10-20 14:53:12,2023-11-01 14:05:50,2023-11-01 14:05:50,52.0,,,1.0,,,1.0,17.0,,,,,,æœ¬äººåœ¨è¯¥é¡¹ç›®ä¸­åˆ†äº«äº†åŒ—äº¬ç†å·¥å¤§å­¦2020çº§äººå·¥æ™ºèƒ½ä¸“ä¸šç›¸å…³è¯¾ç¨‹çš„å®éªŒä½œä¸šèµ„æ–™ï¼Œæ¬¢è¿starğŸŒŸã€‚.,,2,True,3.0,,,,,,,,,,,,,,,,,,,,,,,,,,,
108,BIT_Thesis,https://github.com/zhang-datou/BIT_Thesis,zhang-datou/BIT_Thesis,template,['latex'],https://github.com/zhang-datou/BIT_Thesis,,2016-11-16 07:39:22,2020-05-03 02:12:21,2020-05-03 02:12:20,14.0,,9.0,1.0,2.0,1.0,,12.0,,,,,,åŒ—äº¬ç†å·¥å¤§å­¦ç¡•å£«æ¯•ä¸šè®ºæ–‡wordå’Œlatexæ¨¡æ¿.,2.0,2,False,3.0,,,,,,,,,,,,,,,,,,,,,,,,,,,
109,FDUZS/BIThesis,https://github.com/FDUZS/BIThesis,FDUZS/BIThesis,template,['latex'],https://github.com/FDUZS/BIThesis,LPPL-1.3c,2020-09-11 10:33:19,2022-11-25 13:21:28,2022-11-25 13:21:16,20.0,,,2.0,,,1.0,7.0,,,,,,åŒ—äº¬ç†å·¥å¤§å­¦ç¡•å£«åšå£«ç ”ç©¶ç”Ÿå­¦ä½è®ºæ–‡ LaTeX æ¨¡æ¿ â€” éå®˜æ–¹.,,2,False,3.0,,,,,,,,,,,,,,,,,,,,,,,,,,,
110,æ•°å­—ä¿¡å·å¤„ç†,https://gitee.com/spaitlab_0/Digital-Signal-Processing,,learning,['python'],,GPL-3.0,2021-12-23 23:17:25,2023-10-17 10:17:25,,,,2.0,1.0,,,,6.0,,,,,,åŒ—äº¬ç†å·¥å¤§å­¦ã€Šæ•°å­—ä¿¡å·å¤„ç†ã€‹è¯¾ç¨‹æ•™å­¦èµ„æ–™ï¼Œé‡‡ç”¨Matlabå’ŒPythonå®ç°ä»¿çœŸã€‚.,,2,True,3.0,,,,,,spaitlab_0/DSP-Book,https://gitee.com/spaitlab_0/Digital-Signal-Processing,,,,,,,,,,,,,,,,,,,,
111,BITSTAR,https://github.com/WangTe/BITSTAR,WangTe/BITSTAR,agg,,https://github.com/WangTe/BITSTAR,,2013-11-25 13:02:40,2013-11-26 09:29:19,2013-11-26 07:04:15,10.0,,,1.0,,,,6.0,,,,,,åŒ—ç†æ ¡å›­ç½‘å€å¯¼èˆª.,,2,False,3.0,,,,,,,,,,,,,,,,,,,,,,,,,,,
112,BIT-Courses-for-C-and-CPP,https://github.com/dzyxdd/BIT-Courses-for-C-and-CPP,dzyxdd/BIT-Courses-for-C-and-CPP,learning,,https://github.com/dzyxdd/BIT-Courses-for-C-and-CPP,,2022-10-06 12:19:00,2023-07-18 08:35:51,2023-07-18 08:35:51,30.0,,2.0,,3.0,,1.0,6.0,,,,,,åŒ—äº¬ç†å·¥å¤§å­¦Cè¯­è¨€ç¨‹åºè®¾è®¡ã€ç¨‹åºè®¾è®¡æ–¹æ³•ä¸å®è·µã€æ•°æ®ç»“æ„ä¸ç®—æ³•è®¾è®¡ç­‰è¯¾ç¨‹é¢˜ç›®ç¨‹åºæ•´ç†ï¼ˆæ›´æ–°ä¸­ï¼‰.,2.0,2,True,3.0,,,,,,,,,,,,,,,,,,,,,,,,,,,
113,ç‰‡ä¸Šç³»ç»Ÿè®¾è®¡,https://github.com/silenuszhi/SoC_Design_Archive,silenuszhi/SoC_Design_Archive,exp,['hdl'],https://github.com/silenuszhi/SoC_Design_Archive,,2021-09-22 02:50:32,2021-09-26 07:15:48,2021-09-26 07:15:48,5.0,,1.0,2.0,,,,4.0,,,,,,"Archive for scripts, codes, slides in the class.",,2,False,3.0,,,,,,,,,,,,,,,,,,,,,,,,,,,
114,ä¸€ç‚¹å„¿åŒ—ç†åœ°å›¾,https://map.bitnp.net/,,cal,['web'],,,2021-07-24 19:38:18,2023-07-10 22:19:18,,,,0.0,7.0,,1.0,,4.0,,,,,,ä¸€ä¸ªæ ¡å›­åœ°å›¾ã€‚ æ ¡å†…ï¼šhttps://map.bitnp.net/ ã€‚ æ—§ç‰ˆï¼šhttps://capchdo.com/xyc/map ã€‚.,,2,True,3.0,,,,,,YDX-2147483647/map,https://gitee.com/YDX-2147483647/map,,,,,,,,,,,,,,,,,,,,
115,åŒ—ç†FTPè”ç›Ÿå®šæ—¶è‡ªåŠ¨åˆ·è´´,https://github.com/Freeza91/bit-ftp,Freeza91/bit-ftp,org,,https://github.com/Freeza91/bit-ftp,,2014-10-12 14:39:52,2014-10-27 03:59:47,2014-10-27 03:59:40,17.0,,,3.0,,,,3.0,,,,,,"åŒ—ç†FTPè”ç›Ÿè‡ªåŠ¨åˆ·è´´,å®šæ—¶åˆ†æå¸–å­.",2.0,2,False,3.0,,,,,,,,,,,,,,,,,,,,,,,,,,,
116,LenovoPlayPause,https://github.com/FrzMtrsprt/LenovoPlayPause,FrzMtrsprt/LenovoPlayPause,apollo,,https://github.com/FrzMtrsprt/LenovoPlayPause,,2022-08-12 03:08:29,2022-09-25 16:42:44,2022-09-25 16:42:44,8.0,,1.0,2.0,,,,3.0,2022-08-12 03:22:10.000,1.0.0,52.0,2.0,1.0,Map the user-defined key to Play / Pause key on Lenovo laptops.,,2,False,3.0,,,,,,,,,,,,,,,,,,,,,,,,,,,
117,Patch of BITJWC,https://github.com/fenprace/Patch-of-BITJWC,fenprace/Patch-of-BITJWC,academic,['web'],https://github.com/fenprace/Patch-of-BITJWC,GPL-3.0,2016-09-21 01:56:30,2017-01-11 12:46:31,2017-01-11 12:46:20,11.0,,,2.0,,,,2.0,,,,,,A script fixing bugs on the pages of jwc.bit.edu.cn.,,2,False,3.0,,,,,,,,,,,,,,,,,,,,,,,,,,,
118,BITLogin-Node,https://github.com/BIT-BOBH/BITLogin-Node,BIT-BOBH/BITLogin-Node,srun,['web'],https://github.com/BIT-BOBH/BITLogin-Node,,2022-08-18 16:30:25,2022-08-18 16:31:04,2022-08-18 16:29:37,8.0,,,,,,,2.0,,,,,,åŒ—ç†å·¥ç»Ÿä¸€èº«ä»½éªŒè¯ç¬¬ä¸‰æ–¹æ¥å…¥çš„NodeJSå®ç°.,,2,False,3.0,,,,,,,,,,,,,,,,,,,,,,,,,,,
119,Pythonè¯­è¨€ç¨‹åºè®¾è®¡ å­¦ä¹ ç¬”è®°,https://github.com/crazykuma/LearnPythonBIT,crazykuma/LearnPythonBIT,learning,,https://github.com/crazykuma/LearnPythonBIT,,2019-07-22 11:01:48,2019-08-03 06:41:08,2019-08-03 06:40:24,18.0,,1.0,,,,,2.0,,,,,,Pythonè¯­è¨€ç¨‹åºè®¾è®¡_åŒ—äº¬ç†å·¥å¤§å­¦.,,2,False,3.0,,,,,,,,,,,,,,,,,,,,,,,,,,,
120,åµŒå…¥å¼ç³»ç»ŸåŸç†ä¸åº”ç”¨/v853-bare,https://gitee.com/bitpmcrg/v853-bare,,learning,"['asm', 'cpp']",,MIT,2022-11-21 11:15:20,2023-05-07 14:02:29,,,,1.0,1.0,,,,1.0,,,,,,å…¨å¿—v853èŠ¯ç‰‡è£¸æœºå¼€å‘ç¤ºä¾‹ç¨‹åºã€‚.,,2,True,3.0,,,,,,bitpmcrg/v853-bare,https://gitee.com/bitpmcrg/v853-bare,,,,,,,,,,,,,,,,,,,,
121,å»¶æ²³è¯¾å ‚æ’­æ”¾åŠŸèƒ½å¢å¼º,https://greasyfork.org/scripts/434987-%E5%BB%B6%E6%B2%B3%E8%AF%BE%E5%A0%82%E6%92%AD%E6%94%BE%E5%A2%9E%E5%BC%BA,OrdosX/yanhekt-tool,academic,['web'],https://github.com/OrdosX/yanhekt-tool,,2021-11-04 11:36:38,2021-11-14 14:15:13,2021-11-14 14:15:07,3.0,,,1.0,,,,1.0,,,,,,è§†é¢‘åˆ—è¡¨å†…ä¸€å¤§èŠ‚åªæ˜¾ç¤ºä¸€ä¸ªé“¾æ¥ï¼Œç‚¹å‡»è§†é¢‘ç©ºç™½å¤„åˆ‡æ¢æ’­æ”¾æš‚åœï¼Œå·¦å³æ–¹æ‹¬å·åˆ‡æ¢2å€é€Ÿå’ŒåŸé€Ÿï¼Œæ•°å­—é”®1å’Œ2åˆ‡æ¢å•åŒå±.,,2,False,3.0,,,,,,,,,,,,,434987.0,https://greasyfork.org/scripts/434987,https://update.greasyfork.org/scripts/434987/%E5%BB%B6%E6%B2%B3%E8%AF%BE%E5%A0%82%E6%92%AD%E6%94%BE%E5%A2%9E%E5%BC%BA.user.js,50.0,20.7,,,,,,,,,,
122,BIT-Online-Judge,https://github.com/Lylist/BIT-Online-Judge,Lylist/BIT-Online-Judge,misc,,https://github.com/Lylist/BIT-Online-Judge,,2017-07-01 13:31:31,2017-06-17 13:57:43,2017-06-17 05:33:55,14.0,,4.0,1.0,,,,1.0,,,,,,åŒ—äº¬ç†å·¥å¤§å­¦åœ¨çº¿è¯„æµ‹ç³»ç»Ÿ.,3.0,2,False,2.0,,,,,,,,,,,,,,,,,,,,,,,,,,,
123,zaiBIT,https://zaibit.com,phy25/zaiBITstatic,agg,,https://github.com/phy25/zaiBITstatic,,2016-08-03 07:02:13,2017-08-05 11:00:07,2017-08-05 11:00:05,23.0,,,1.0,,,,1.0,,,,,,zaibit.com static site.,,2,False,3.0,,,,,,,,,,,,,,,,,,,,,,,,,,,
124,WebvpnExploit,https://webvpn.bit.edu.cn/https/77726476706e69737468656265737421e7f2438a373e2652771cc7b69d5b2730bb0f351d/,BIT-BOBH/WebvpnExploit,edu-cn,['web'],https://github.com/BIT-BOBH/WebvpnExploit,,2022-10-09 12:22:25,2022-10-13 15:44:58,2022-10-13 15:44:52,13.0,,,,,,,1.0,,,,,,Exploit of cross domain vulnerabilities of webvpn.,,2,False,3.0,,,,,,,,,,,,,,,,,,,,,,,,,,,
125,BIT WebVPN URL åŒå‘è½¬æ¢å™¨ï¼ˆæµè§ˆå™¨æ‰©å±•ï¼‰,https://addons.mozilla.org/zh-CN/firefox/addon/bit-webvpn-converter/,YDX-2147483647/bit-webvpn-converter-web-extension,edu-cn,['Web'],https://github.com/YDX-2147483647/bit-webvpn-converter-web-extension,,2022-11-12 13:43:24,2023-07-10 14:25:23,2023-07-10 14:25:22,18.0,,,1.0,,1.0,,,,,,,,BIT WebVPN URL åŒå‘è½¬æ¢å™¨ã€‚ ï¼ˆæµè§ˆå™¨æ‰©å±•ï¼‰.,,2,True,3.0,,,,,,,,,,,,,,,,,,,,,,,,,,,
126,BIT CAS login,https://gitee.com/felinae98/BIT-CAS-login,,misc,['python'],,GPL-3.0,2018-01-10 14:41:27,2020-12-19 13:26:52,,,,0.0,1.0,,,,,,,,,,login to login.bit.edu.cn.,,2,False,2.0,,,,,,felinae98/BIT-CAS-login,https://gitee.com/felinae98/BIT-CAS-login,,,,,,,,,,,,,,,,,,,,
127,bit_jwc,https://github.com/haohaolalahao/bit_jwc,haohaolalahao/bit_jwc,academic,['python'],https://github.com/haohaolalahao/bit_jwc,,2017-12-21 09:13:18,2018-01-02 00:45:08,2018-01-02 00:45:07,9.0,,1.0,1.0,,,,,,,,,,æˆç»©æŸ¥è¯¢ã€è€ƒè¯•ä¿¡æ¯æŸ¥è¯¢ã€ä¸€é”®è¯„æ•™ã€‚.,,2,False,3.0,,,,,,,,,,,,,,,,,,,,,,,,,,,
128,å­¦ç”Ÿäº‹åŠ¡ä¸­å¿ƒåŠäº‹æŒ‡å—,https://howto.info.bit.edu.cn/,,agg,,,CC BY 4.0,,2021-11-26,,,,,,,,,,,,,,,â€œåŠäº‹æŒ‡å—â€ DokuWiki ç«™ç‚¹ï¼Œç”±åŒ—äº¬ç†å·¥å¤§å­¦å­¦ç”Ÿäº‹åŠ¡ä¸­å¿ƒå»ºç«‹ï¼Œç›®å‰å¤„äºè¯•è¿è¡Œé˜¶æ®µã€‚.,,2,False,3.0,,,,,,,,,,,,,,,,,,,,,,,,,,,
129,helping-check-answer,https://greasyfork.org/scripts/367662-helping-check-answer,,misc,['web'],,,2018-05-07 16:05:09,2018-05-07 16:07:38,,,,,,,,,,,,,,,å½¢åŠ¿æ”¿ç­–ç­”é¢˜æŸ¥è¯¢.,,2,False,2.0,,,,,,,,,,,,,367662.0,https://greasyfork.org/scripts/367662,https://update.greasyfork.org/scripts/367662/helping-check-answer.user.js,1014.0,5.0,,,,,,,,,,
130,BIT-Moodle-Video-Speed-Up,https://greasyfork.org/scripts/396818-bit-moodle-video-speed-up,,academic,['web'],,,2020-02-24 07:32:06,2020-02-24 07:32:06,,,,,,,,,,,,,,,åŒ—ç†ä¹å­¦è§†é¢‘å€ç‡æ’­æ”¾.,,2,False,3.0,,,,,,,,,,,,,396818.0,https://greasyfork.org/scripts/396818,https://update.greasyfork.org/scripts/396818/BIT-Moodle-Video-Speed-Up.user.js,148.0,5.0,,,,,,,,,,
131,åŒ—ç†ä¹å­¦è§†é¢‘ä¸‹è½½åŠ©æ‰‹,https://greasyfork.org/scripts/422933-%E5%8C%97%E7%90%86%E4%B9%90%E5%AD%A6%E8%A7%86%E9%A2%91%E4%B8%8B%E8%BD%BD%E5%8A%A9%E6%89%8B,,academic,['web'],,,2021-03-09 09:02:21,2021-03-09 09:02:21,,,,,,,,,,,,,,,å°†è¯¾ç¨‹åˆ—è¡¨çš„æ’­æ”¾é¡µé¢é“¾æ¥æ›¿æ¢æˆè§†é¢‘æ–‡ä»¶ä¸‹è½½é“¾æ¥ï¼.,,2,False,3.0,,,,,,,,,,,,,422933.0,https://greasyfork.org/scripts/422933,https://update.greasyfork.org/scripts/422933/%E5%8C%97%E7%90%86%E4%B9%90%E5%AD%A6%E8%A7%86%E9%A2%91%E4%B8%8B%E8%BD%BD%E5%8A%A9%E6%89%8B.user.js,18.0,5.0,,,,,,,,,,
132,BIT-Moodle-Theme-Enhance,https://greasyfork.org/scripts/397151-bit-moodle-theme-enhance,fky2015/BIT-Moodle-dracula-Theme,academic,['web'],https://github.com/fky2015/BIT-Moodle-dracula-Theme,,2020-02-22 16:24:19,2020-03-03 04:24:59,2020-03-03 04:24:51,11.0,,,2.0,,,,,,,,,,provide mordern theme design for moodle system.,,2,False,3.0,,,,,,,,,,,,,397151.0,https://greasyfork.org/scripts/397151,https://update.greasyfork.org/scripts/397151/BIT-Moodle-Theme-Enhance.user.css,26.0,5.0,,,,,,,,,,
133,åŒ—ç†ä¹å­¦ç¾åŒ–,https://greasyfork.org/scripts/415353-%E5%8C%97%E7%90%86%E4%B9%90%E5%AD%A6%E7%BE%8E%E5%8C%96,,academic,['web'],,,2020-11-03 04:17:44,2020-11-03 04:17:44,,,,,,,,,,,,,,,ä¼˜åŒ–ä¹å­¦çš„æ˜¾ç¤ºç•Œé¢.,,2,False,3.0,,,,,,,,,,,,,415353.0,https://greasyfork.org/scripts/415353,https://update.greasyfork.org/scripts/415353/%E5%8C%97%E7%90%86%E4%B9%90%E5%AD%A6%E7%BE%8E%E5%8C%96.user.js,10.0,5.0,,,,,,,,,,
134,å»¶æ²³è¯¾å ‚è§†é¢‘ä¸‹è½½,https://greasyfork.org/scripts/420055-%E5%BB%B6%E6%B2%B3%E8%AF%BE%E5%A0%82%E8%A7%86%E9%A2%91%E4%B8%8B%E8%BD%BD,,academic,['web'],,,2021-01-12 06:18:04,2021-01-12 10:40:09,,,,,,,,,,,,,,,ä¸‹è½½å»¶æ²³è¯¾å ‚è§†é¢‘ï¼Œæ–¹ä¾¿ä¸‹è½½.,,2,False,3.0,,,,,,,,,,,,,420055.0,https://greasyfork.org/scripts/420055,https://update.greasyfork.org/scripts/420055/%E5%BB%B6%E6%B2%B3%E8%AF%BE%E5%A0%82%E8%A7%86%E9%A2%91%E4%B8%8B%E8%BD%BD.user.js,185.0,5.0,,,,,,,,,,
135,è®©åŒ—ç†å·¥ç½‘ç«™æ­£å¸¸ä¸€ç‚¹,https://greasyfork.org/scripts/33194-%E8%AE%A9%E5%8C%97%E7%90%86%E5%B7%A5%E7%BD%91%E7%AB%99%E6%AD%A3%E5%B8%B8%E4%B8%80%E7%82%B9,,edu-cn,['web'],,,2017-09-14 12:55:48,2017-11-24 15:27:19,,,,,,,,,,,,,,,è®©åŒ—ç†å·¥ç½‘ç«™èƒ½å¤Ÿåœ¨chrome/firefox/ç­‰ä¸Šæ­£å¸¸è¿è¡Œ.,,2,False,3.0,,,,,,,,,,,,,33194.0,https://greasyfork.org/scripts/33194,https://update.greasyfork.org/scripts/33194/%E8%AE%A9%E5%8C%97%E7%90%86%E5%B7%A5%E7%BD%91%E7%AB%99%E6%AD%A3%E5%B8%B8%E4%B8%80%E7%82%B9.user.js,50.0,5.0,,,,,,,,,,
136,BITlife,https://github.com/shinianzhihou/BITlife,shinianzhihou/BITlife,learning,,https://github.com/shinianzhihou/BITlife,GPL-2.0,2019-06-05 11:16:07,2020-05-29 03:17:56,2020-05-29 03:17:55,10.0,,1.0,1.0,1.0,1.0,,6.0,2020-05-29 03:10:45.000,PDF,14.0,0.0,1.0,ç”¨æ¥æ•´ç†å¤§å­¦ä¸‰å¹´çš„ä¸€äº›èµ„æ–™ä¸ªå’Œä¸ªäººæ€»ç»“.,2.0,1,False,3.0,,,,,,,,,,,,,,,,,,,,,,,,,,,
137,åŒ—äº¬ç†å·¥å¤§å­¦æ•°æ®åº“å¤ä¹ æ€»ç»“,https://donglinkang2021.github.io/DatabaseReview/,donglinkang2021/DatabaseReview,learning,,https://github.com/donglinkang2021/DatabaseReview,,2023-06-16 01:19:43,2023-06-16 08:38:27,2023-06-16 08:37:23,2.0,,,1.0,,,,5.0,,,,,,åŒ—äº¬ç†å·¥å¤§å­¦å¤§äºŒä¸‹æ•°æ®åº“å¤ä¹ æ€»ç»“.,,1,True,3.0,,,,,,,,,,,,,,,,,,,,,,,,,,,
138,ACMå¯’å‡é›†è®­,https://gitee.com/TastyHeadphones/BITACM,,exp,,,,2021-01-25 17:44:51,2023-12-12 15:33:50,,,,1.0,1.0,,,,3.0,,,,,,åŒ—äº¬ç†å·¥å¤§å­¦ACMé›†è®­ppt.,,1,True,3.0,,,,,,TastyHeadphones/BITACM,https://gitee.com/TastyHeadphones/BITACM,,,,,,,,,,,,,,,,,,,,
139,åŒ—ç†å·¥è‡ªåŠ¨ç­¾åˆ°è„šæœ¬ï¼ˆç ”ç©¶ç”Ÿæ¯æ™šå®¿èˆç­¾åˆ°ï¼‰,https://github.com/WD11/bit_register_auto,WD11/bit_register_auto,misc,['python'],https://github.com/WD11/bit_register_auto,,2019-04-28 11:20:42,2019-07-09 09:16:14,2019-07-09 09:16:04,7.0,,,1.0,,,,3.0,,,,,,åŒ—ç†å·¥è‡ªåŠ¨ç­¾åˆ°.,2.0,1,False,3.0,,,,,,,,,,,,,,,,,,,,,,,,,,,
140,BIT-thesis-template,https://github.com/PolarLion/BIT-thesis-template,PolarLion/BIT-thesis-template,template,['latex'],https://github.com/PolarLion/BIT-thesis-template,,2022-10-02 07:42:39,2022-10-03 05:35:54,2022-10-03 05:35:54,13.0,,,1.0,,,,2.0,,,,,,åŒ—äº¬ç†å·¥å¤§å­¦ç ”ç©¶ç”Ÿæ¯•ä¸šè®ºæ–‡æ— bugæ¨¡æ¿-template for graduate thesis of Beijing Institute of Technology (No bug ver.).,,1,False,3.0,,,,,,,,,,,,,,,,,,,,,,,,,,,
141,AutoBook,https://gitee.com/guang-ming-fu/auto-book,,cal,['java'],,GPL-3.0,2021-12-02 00:28:26,2023-01-16 19:37:52,,,,0.0,2.0,,,,2.0,,,,,,è‡ªåŠ¨é¢„çº¦åŒ—ç†å·¥å›¾ä¹¦é¦†è‡ªä¹ å®¤çš„è„šæœ¬ï¼ˆç”±äºç½‘ç«™æ›´æ–°ï¼Œå…‰é€Ÿå¤±æ•ˆï¼‰.,,1,False,3.0,,,,,,guang-ming-fu/auto-book,https://gitee.com/guang-ming-fu/auto-book,,,,,,,,,,,,,,,,,,,,
142,BIT-linux-login,https://github.com/long-username/BIT-linux-login,long-username/BIT-linux-login,srun,['web'],https://github.com/long-username/BIT-linux-login,,2020-07-30 05:06:54,2020-07-30 05:08:18,2020-07-30 05:08:17,2.0,,,,,,,2.0,,,,,,åŒ—äº¬ç†å·¥å¤§å­¦ï¼Œå‘½ä»¤è¡Œ-ç™»é™†å®¢æˆ·ç«¯ï¼Œæ”¯æŒ linuxï¼Œwindows ä»¥åŠ macosã€‚ä¸»è¦ä½œä¸º ssh è¿œç¨‹ç™»å½•.,,1,False,3.0,,,,,,,,,,,,,,,,,,,,,,,,,,,
143,åŒ—äº¬ç†å·¥å¤§å­¦é‚®ç®±æ¨é€æœåŠ¡,https://github.com/lywly/BIT_Mail_Monitor,lywly/BIT_Mail_Monitor,misc,['python'],https://github.com/lywly/BIT_Mail_Monitor,,2022-05-03 13:53:55,2023-11-06 02:51:34,2023-11-06 02:51:34,10.0,,,1.0,,,,2.0,2022-05-07 07:51:33.000,2022.05.07,14.0,0.0,3.0,åŒ—äº¬ç†å·¥å¤§å­¦é‚®ç®±æ¨é€æœåŠ¡.,,1,True,3.0,,,,,,,,,,,,,,,,,,,,,,,,,,,
144,åŒ—ç†å·¥-å¤§ä¸€ä¸Šå­¦æœŸ-Cè¯­è¨€ç¨‹åºè®¾è®¡-ä¹å­¦lexueOJ-æ‰€æœ‰é¢˜ç›®çš„ACä»£ç åˆé›†,https://github.com/liujiaqun/BIT-C,liujiaqun/BIT-C,learning,,https://github.com/liujiaqun/BIT-C,,2024-05-11 13:32:39,2024-05-11 14:09:08,2024-05-11 14:09:08,4.0,4.0,,1.0,,,,2.0,,,,,,åŒ—äº¬ç†å·¥å¤§å­¦-Cè¯­è¨€ç¨‹åºè®¾è®¡ä»£ç -ä¹å­¦lexueOJ-æ‰€æœ‰é¢˜ç›®çš„ACä»£ç åˆé›†.,,1,True,3.0,,,,,,,,,,,,,,,,,,,,,,,,,,True,
145,åŒ—äº¬ç†å·¥å¤§å­¦-è®¡ç®—æœºç§‘å­¦ä¸æŠ€æœ¯-è®¡ç§‘è¯¾ç¨‹èµ„æ–™-æŒç»­æ›´æ–°,https://github.com/liujiaqun/BIT-CS,liujiaqun/BIT-CS,learning,,https://github.com/liujiaqun/BIT-CS,,2024-05-11 14:10:49,2024-05-11 14:49:52,2024-05-11 14:44:12,3.0,3.0,,1.0,,,,2.0,,,,,,åŒ—äº¬ç†å·¥å¤§å­¦-è®¡ç®—æœºç§‘å­¦ä¸æŠ€æœ¯-è®¡ç§‘è¯¾ç¨‹èµ„æ–™-æŒç»­æ›´æ–°.,,1,True,3.0,,,,,,,,,,,,,,,,,,,,,,,,,,True,
146,bitæ­£æ–¹æ•™åŠ¡å¤„,https://gitee.com/felinae98/bitJwcToolkit,,academic,['python'],,GPL-2.0,2017-10-24 23:26:35,2020-12-19 13:26:52,,,,0.0,1.0,,,,1.0,,,,,,åŒ—ç†æ•™åŠ¡å¤„å¥—ä»¶.,,1,False,3.0,,,,,,felinae98/bitJwcToolkit,https://gitee.com/felinae98/bitJwcToolkit,,,,,,,,,,,,,,,,,,,,
147,BIT_Network_Login,https://github.com/mzbhy/BIT_Network_Login,lxalxy/BIT_Network_Login,srun,['python'],https://github.com/mzbhy/BIT_Network_Login,,2016-08-14 04:30:01,2016-12-07 12:05:32,2016-12-07 12:05:06,12.0,,,2.0,,,,1.0,,,,,,ç”¨äºåŒ—ç†å·¥ç½‘ç»œè®¤è¯çš„ç®€å•è„šæœ¬.,3.0,1,False,3.0,,,,,,,,,,,,,,,,,,,,,,,,,,,mzbhy/BIT_Network_Login
148,YanhePrivilege,https://github.com/BIT-BOBH/YanhePrivilege,BIT-BOBH/YanhePrivilege,academic,['web'],https://github.com/BIT-BOBH/YanhePrivilege,,2022-06-28 13:32:40,2022-06-28 13:37:39,2022-06-28 13:37:32,1.0,,,,,,,1.0,,,,,,A tampermonkey script that allows you to play any class video in YanheKetang.,,1,False,3.0,,,,,,,,,,,,,,,,,,,,,,,,,,,
149,é—®ç­”ï¼šæ“ä½œç³»ç»ŸåŸç†,https://github.com/YDX-2147483647/os_qa,YDX-2147483647/os_qa,learning,,https://github.com/YDX-2147483647/os_qa,,2022-10-31 06:56:50,2022-10-31 07:49:46,2022-10-31 07:49:28,12.0,,,1.0,,,,1.0,,,,,,é—®ç­”ï¼šæ“ä½œç³»ç»ŸåŸç†ã€‚ ï¼ˆ2022å¹´9æœˆè‡³10æœˆï¼‰.,,1,False,3.0,,,,,,,,,,,,,,,,,,,,,,,,,,,
150,åŒ—äº¬ç†å·¥å¤§å­¦è‡ªåŠ¨è¯„æ•™åŠ©æ‰‹,https://zhuanlan.zhihu.com/p/346248138,,academic,['python'],,,2021-01-23 12:56:38,2021-11-18 12:09:48,,,,0.0,1.0,,,,,,,,,,ã€å°å·¥å…·ã€‘åŒ—äº¬ç†å·¥å¤§å­¦è‡ªåŠ¨è¯„æ•™åŠ©æ‰‹.,,1,False,3.0,,,,,,larry6799/pingjiao,https://gitee.com/larry6799/pingjiao,,,,,,,,,,,,,,,,,,,,
151,è‹±è¯­å­¦ä¹ ç¬”è®°,https://bit-study-notes.gitee.io/college-english,,learning,,,,2023-03-03 16:33:26,2023-08-29 17:09:57,,,,0.0,1.0,,1.0,,,,,,,,åŒ—ç†å·¥å¤§å­¦è‹±è¯­å­¦ä¹ ç¬”è®°.,,1,True,3.0,,,,,,bit-study-notes/college-english,https://gitee.com/bit-study-notes/college-english,,,,,,,,,,,,,,,,,,,,
152,æ ¡å†…æœåŠ¡å™¨è”ç½‘è„šæœ¬,https://gitee.com/burette/BIT-WEB,,srun,['python'],,,2020-05-08 16:32:08,2020-12-19 08:24:27,,,,0.0,1.0,,,,,,,,,,åŒ—ç†å·¥æ ¡å†…æœåŠ¡å™¨è”ç½‘è„šæœ¬.,,1,False,3.0,,,,,,burette/BIT-WEB,https://gitee.com/burette/BIT-WEB,,,,,,,,,,,,,,,,,,,,
153,BIT_Mail_Backup,https://github.com/lywly/BIT_Mail_Backup,lywly/BIT_Mail_Backup,misc,['python'],https://github.com/lywly/BIT_Mail_Backup,,2022-05-06 09:05:43,2022-05-09 12:42:49,2022-05-09 11:00:38,2.0,,,1.0,,,,,2022-05-09 12:42:49.000,2022.05.09,,,1.0,åŒ—äº¬ç†å·¥å¤§å­¦é‚®ç®±å¤‡ä»½.,,1,False,3.0,,,,,,,,,,,,,,,,,,,,,,,,,,,
154,BITNetworkTool,https://github.com/lgasyou/BITNetworkTool,lgasyou/BITNetworkTool,srun,['python'],https://github.com/lgasyou/BITNetworkTool,,2020-09-11 13:21:08,2020-09-11 13:22:38,2020-09-11 13:20:04,1.0,,,2.0,,,,,,,,,,åŒ—äº¬ç†å·¥å¤§å­¦æ ¡å›­ç½‘å‘½ä»¤è¡Œè¿æ¥å·¥å…·.,,1,False,3.0,,,,,,,,,,,,,,,,,,,,,,,,,,,
155,BIT Beamer Theme,https://www.overleaf.com/latex/templates/bit-beamer-theme/ycbqhbxrqjvs,,template,,,CC BY 4.0,,,,,,,,,,,,,,,,,,,1,True,3.0,,,,,,,,,,,,,,,,,,,,,,,,,,True,
156,BIT_Score_Inquiry,https://github.com/YaooXu/BIT_Score_Inquiry,YaooXu/BIT_Score_Inquiry,academic,,https://github.com/YaooXu/BIT_Score_Inquiry,,2019-08-09 06:46:30,2021-08-23 02:56:43,2021-08-23 02:56:43,10.0,,1.0,1.0,,,1.0,10.0,,,,,,åŒ—ç†å·¥æˆç»©æ›´æ–°æŸ¥è¯¢&&è®¡ç®—åŠ æƒ.,2.0,0,False,,,,,,,,,,,,,,,,,,,,,,,,,,,,
157,åŸºäºSeleniumçš„BIT-Webç™»å½•è„šæœ¬,https://github.com/MmDawN/BIT_Srun_Login_Selenium,MmDawN/BIT_Srun_Login_Selenium,srun,['python'],https://github.com/MmDawN/BIT_Srun_Login_Selenium,,2020-11-27 11:56:43,2020-11-27 12:08:40,2020-11-27 12:00:52,1.0,,,1.0,,,,2.0,,,,,,åŒ—ç†å·¥æ ¡å›­ç½‘è‡ªåŠ¨ç™»å½•è„šæœ¬.,,0,False,,,,,,,,,,,,,,,,,,,,,,,,,,,,
158,Pythonæœºå™¨å­¦ä¹ åº”ç”¨,https://gitee.com/chen_zi_chung/Machine-Learning-with-Python,,learning,,,,2020-04-22 08:20:38,2022-03-11 09:45:47,,,,0.0,1.0,,,,1.0,,,,,,åŒ—äº¬ç†å·¥å¤§å­¦Pythonç›¸å…³ç³»åˆ—å…¨å¥—è¯¾ç¨‹.,,0,False,,,,,,,chen_zi_chung/Machine-Learning-with-Python,https://gitee.com/chen_zi_chung/Machine-Learning-with-Python,,,,,,,,,,,,,,,,,,,,
159,åŒ—äº¬ç†å·¥å¤§å­¦é›†æˆç”µè·¯è®¾è®¡å®è·µ1,https://github.com/Devil-SX/integrated_circuit_practice,Devil-SX/integrated_circuit_practice,learning,['hdl'],https://github.com/Devil-SX/integrated_circuit_practice,,2022-05-16 14:36:00,2022-05-23 08:13:14,2022-05-23 08:13:04,3.0,,,2.0,,,1.0,1.0,,,,,,ç™¾ä¸½å®«é›†æˆç”µè·¯è®¾è®¡å®è·µè¯¾.,,0,False,,,,,,,,,,,,,,,,,,,,,,,,,,,,
160,BIT-Zongce,https://github.com/Devil-SX/BIT-Zongce,Devil-SX/BIT-Zongce,office,,https://github.com/Devil-SX/BIT-Zongce,,2023-08-01 12:31:57,2023-08-05 07:37:56,2023-08-05 07:37:56,3.0,,1.0,1.0,1.0,,,1.0,,,,,,BIT ç»¼æµ‹ç»Ÿè®¡ è‡ªåŠ¨åŒ–è„šæœ¬.,2.0,0,True,,,,,,,,,,,,,,,,,,,,,,,,,,,,
161,æ•°å­—é€»è¾‘æœŸæœ«è€ƒè¯•å¤ä¹ ,https://donglinkang2021.github.io/DigitLogic/,donglinkang2021/DigitLogic,learning,,https://github.com/donglinkang2021/DigitLogic,,2023-06-14 06:42:47,2023-06-16 08:51:33,2023-06-16 08:49:47,2.0,,1.0,1.0,,,,1.0,,,,,,åŒ—äº¬ç†å·¥å¤§å­¦å¤§äºŒä¸‹æ•°å­—é€»è¾‘å¤ä¹ æ€»ç»“.,,0,True,,,,,,,,,,,,,,,,,,,,,,,,,,,,
162,åˆæˆåŒ—ç†å·¥,https://daxigua.liyupi.com,,misc,['web'],,,2021-01-30 12:27:52,2021-08-30 12:59:22,,,,0.0,1.0,,,,,,,,,,,,0,False,,,,,,,boboaini/synthetic-north-technology,https://gitee.com/boboaini/synthetic-north-technology,,,,,,,,,,,,,,,,,,,,
163,cst-notifier,{},UnicornBoss/cst-notifier,agg,['python'],,,,,,,,,,,,,,,,,,,,,0,False,,,,,,,,,,,,,,,,,,,,,,,,,,,,
164,yanhekt-killer,{},LeiyaoCui/yanhekt-killer,academic,['web'],,,,,,,,,,,,,,,,,,,"Eliminate the unfair authority, when we try to learn more in yanhekt.",,0,False,,,,,,,,,,,,,,,,,,,,,,,,,,,,
